Notes de tall 1a assignació Juny 2024 (11/07/24),Unnamed: 0,Unnamed: 1,Unnamed: 2,Unnamed: 3,Unnamed: 4,Unnamed: 5,Codi,Nom del centre d'estudi i població,SiglesUniversitat,PAU /CFGS,Més grans de25 anys,Titulatsuniversitaris,Més grans de45 anys
Ordre alfabètic per centre d'estudi,N/A,N/A,N/A,N/A,N/A,N/A,N/A,N/A,N/A,N/A,N/A,N/A,N/A
ESTUDIS DE GRAU I TÍTOLS PROPIS,N/A,N/A,N/A,N/A,N/A,N/A,N/A,N/A,N/A,N/A,N/A,N/A,N/A
Codi,Nom del centre d'estudi i població,SiglesUniversitat,PAU /CFGS,Més grans de25 anys,Titulatsuniversitaris,Més grans de45 anys,N/A,N/A,N/A,N/A,N/A,N/A,N/A
41029,Administració d'Empreses i Gestió de la Innovació "Tecnocampus" (Mataró),UPF,7 480,5 000,5 000,5 000,N/A,N/A,N/A,N/A,N/A,N/A,N/A
41036,Administració d'Empreses i Gestió de la Innovació "Tecnocampus" (docència enAnglès) (Mataró),UPF,7 206,5 000,5 000,5 000,N/A,N/A,N/A,N/A,N/A,N/A,N/A
41041,Administració d'Empreses i Gestió de la Innovació / Màrqueting i ComunitatsDigitals "Tecnocampus" (simultaneïtat) (Mataró),UPF,8 440,5 000,5 000,5 000,N/A,N/A,N/A,N/A,N/A,N/A,N/A
41035,Administració d'Empreses i Gestió de la Innovació / Turisme i Gestió del Lleure"Tecnocampus" (simultaneïtat) (Mataró),UPF,5 000,5 000,5 000,5 000,N/A,N/A,N/A,N/A,N/A,N/A,N/A
11033,Administració i Direcció d'Empreses (Barcelona),UB,9 636,5 000,5 000,5 000,N/A,N/A,N/A,N/A,N/A,N/A,N/A
41008,Administració i Direcció d'Empreses (Barcelona),UPF,11 316,5 000,5 000,5 000,N/A,N/A,N/A,N/A,N/A,N/A,N/A
71063,Administració i Direcció d'Empreses "IGEMA" (Barcelona),URV,5 000,5 000,5 000,5 000,N/A,N/A,N/A,N/A,N/A,N/A,N/A
21014,Administració i Direcció d'Empreses (Cerdanyola del Vallès),UAB,10 138,5 000,5 000,7 333,N/A,N/A,N/A,N/A,N/A,N/A,N/A
21099,Administració i Direcció d'Empreses (docència en Anglès) (Cerdanyola del Vallès),UAB,10 416,5 000,5 000,5 000,N/A,N/A,N/A,N/A,N/A,N/A,N/A
81003,Administració i Direcció d'Empreses (Girona),UdG,9 446,5 000,5 000,5 000,N/A,N/A,N/A,N/A,N/A,N/A,N/A
61069,Administració i Direcció d'Empreses (Igualada),UdL,8 464,5 000,5 000,5 000,N/A,N/A,N/A,N/A,N/A,N/A,N/A
61003,Administració i Direcció d'Empreses (Lleida),UdL,7 634,5 000,5 000,5 000,N/A,N/A,N/A,N/A,N/A,N/A,N/A
91042,Administració i Direcció d'Empreses (Campus Manresa) (Manresa),UVic-UCC,5 000,5 000,5 000,6 333,N/A,N/A,N/A,N/A,N/A,N/A,N/A
71002,Administració i Direcció d'Empreses (Reus),URV,7 866,5 000,5 000,5 000,N/A,N/A,N/A,N/A,N/A,N/A,N/A
71004,Administració i Direcció d'Empreses (Tortosa),URV,5 378,5 000,5 000,5 000,N/A,N/A,N/A,N/A,N/A,N/A,N/A
91003,Administració i Direcció d'Empreses (Vic),UVic-UCC,5 000,5 000,5 000,5 000,N/A,N/A,N/A,N/A,N/A,N/A,N/A
41034,Dret / Administració i Direcció d'Empreses - Economia (agrupació desimultaneïtat) (Barcelona),UPF,12 406,5 000,6 950,5 000,N/A,N/A,N/A,N/A,N/A,N/A,N/A
11064,Administració i Direcció d'Empreses / Dret (simultaneïtat) (Barcelona),UB,11 406,5 000,7 350,5 000,N/A,N/A,N/A,N/A,N/A,N/A,N/A
21098,Administració i Direcció d'Empreses / Dret (simultaneïtat) (Cerdanyola del Vallès),UAB,10 506,5 000,6 180,5 000,N/A,N/A,N/A,N/A,N/A,N/A,N/A
81053,Administració i Direcció d'Empreses / Dret (simultaneïtat) (Girona),UdG,10 148,5 000,5 000,5 000,N/A,N/A,N/A,N/A,N/A,N/A,N/A
61035,Administració i Direcció d'Empreses / Dret (simultaneïtat) (Lleida),UdL,10 054,5 000,7 420,5 000,N/A,N/A,N/A,N/A,N/A,N/A,N/A
71055,Administració i Direcció d'Empreses / Dret (simultaneïtat) (Tarragona / Reus),URV,9 666,5 000,5 000,5 000,N/A,N/A,N/A,N/A,N/A,N/A,N/A
81052,Administració i Direcció d'Empreses / Economia (simultaneïtat) (Girona),UdG,10 188,5 000,5 000,5 000,N/A,N/A,N/A,N/A,N/A,N/A,N/A
61070,Administració i Direcció d'Empreses / Enginyeria en Organització Industrial iLogística (simultaneïtat) (Igualada),UdL,8 648,5 000,5 000,5 000,N/A,N/A,N/A,N/A,N/A,N/A,N/A
81046,Administració i Direcció d'Empreses / Enginyeria en Tecnologies Industrials(simultaneïtat) (Girona),UdG,9 622,5 000,5 000,5 000,N/A,N/A,N/A,N/A,N/A,N/A,N/A
61036,Administració i Direcció d'Empreses / Enginyeria Informàtica (simultaneïtat)(Lleida),UdL,11 263,5 000,5 000,5 000,N/A,N/A,N/A,N/A,N/A,N/A,N/A
71053,Administració i Direcció d'Empreses / Finances i Comptabilitat (simultaneïtat)(Reus),URV,10 777,5 375,5 000,5 000,N/A,N/A,N/A,N/A,N/A,N/A,N/A
71079,Administració i Direcció d'Empreses / Màrqueting "ESIC" (simultaneïtat) (Reus /Barcelona),URV,9 930,5 000,5 000,5 000,N/A,N/A,N/A,N/A,N/A,N/A,N/A
71080,Administració i Direcció d'Empreses / Màrqueting "ESIC" (simultaneïtat) (Tortosa /Barcelona),URV,7 658,5 000,5 000,5 000,N/A,N/A,N/A,N/A,N/A,N/A,N/A
11066,Administració i Direcció d'Empreses / Matemàtiques (simultaneïtat) (Barcelona),UB,12 086,5 000,5 000,5 000,N/A,N/A,N/A,N/A,N/A,N/A,N/A
11095,Administració i Direcció d'Empreses / Química (simultaneïtat) (Barcelona),UB,10 724,5 000,5 000,5 000,N/A,N/A,N/A,N/A,N/A,N/A,N/A
11090,Administració i Direcció d'Empreses / Sociologia (simultaneïtat) (Barcelona),UB,10 022,5 000,5 000,5 000,N/A,N/A,N/A,N/A,N/A,N/A,N/A
61077,Administració i Direcció d'Empreses i Transformació de Negocis "CentreUniversitari EAE" (Barcelona),UdL,5 000,5 000,5 000,5 000,N/A,N/A,N/A,N/A,N/A,N/A,N/A
11001,Antropologia Social i Cultural (Barcelona),UB,5 000,5 000,5 000,5 000,N/A,N/A,N/A,N/A,N/A,N/A,N/A
61053,Administració i Direcció d'Empreses / Turisme (simultaneïtat) (Lleida),UdL,7 222,5 000,5 000,5 000,N/A,N/A,N/A,N/A,N/A,N/A,N/A
71003,Anglès (Tarragona),URV,5 000,5 250,5 000,5 000,N/A,N/A,N/A,N/A,N/A,N/A,N/A
11029,Arqueologia (Barcelona),UB,5 000,5 000,5 000,5 000,N/A,N/A,N/A,N/A,N/A,N/A,N/A
21146,Arqueologia (Cerdanyola del Vallès),UAB,5 000,5 000,5 000,5 000,N/A,N/A,N/A,N/A,N/A,N/A,N/A
71049,Antropologia i Evolució Humana (virtual o semipresencial) (Tarragona),URV / UOC,5 000,5 000,5 000,5 000,N/A,N/A,N/A,N/A,N/A,N/A,N/A
11096,Arqueologia / Història (simultaneïtat) (Barcelona),UB,7 451,7 375,8 045,5 000,N/A,N/A,N/A,N/A,N/A,N/A,N/A
21152,Antropologia Social i Cultural (Cerdanyola del Vallès),UAB,5 000,5 000,5 000,6 167,N/A,N/A,N/A,N/A,N/A,N/A,N/A
31016,Arquitectura Tècnica i Edificació (Barcelona),UPC,8 006,5 000,5 000,5 000,N/A,N/A,N/A,N/A,N/A,N/A,N/A
81020,Arquitectura Tècnica i Edificació (Girona),UdG,8 218,5 000,5 000,5 000,N/A,N/A,N/A,N/A,N/A,N/A,N/A
81065,Arquitectura Tècnica i Edificació (semipresencial) (Girona),UdG,7 614,5 000,7 800,5 000,N/A,N/A,N/A,N/A,N/A,N/A,N/A
61016,Arquitectura Tècnica i Edificació (Lleida),UdL,7 890,5 000,5 000,5 000,N/A,N/A,N/A,N/A,N/A,N/A,N/A
31078,Arquitectura  Estudis d' (Barcelona),UPC,9 516,5 000,5 000,5 000,N/A,N/A,N/A,N/A,N/A,N/A,N/A
81057,Arquitectura  Estudis d' (Girona),UdG,9 490,5 000,7 010,5 000,N/A,N/A,N/A,N/A,N/A,N/A,N/A
71087,Arquitectura  Estudis d' (Reus),URV,8 910,5 000,5 000,5 000,N/A,N/A,N/A,N/A,N/A,N/A,N/A
31079,Arquitectura  Estudis d' (Sant Cugat del Vallès),UPC,9 844,5 000,6 900,5 000,N/A,N/A,N/A,N/A,N/A,N/A,N/A
81045,Arts Escèniques "ERAM" (Salt),UdG,5 174,5 000,5 000,5 000,N/A,N/A,N/A,N/A,N/A,N/A,N/A
21020,Arts i Disseny "Massana" (Barcelona),UAB,5 000,5 000,5 000,5 000,N/A,N/A,N/A,N/A,N/A,N/A,N/A
91063,Audiologia General (Vic),UVic-UCC,5 000,5 000,5 000,5 000,N/A,N/A,N/A,N/A,N/A,N/A,N/A
11099,Belles Arts (Barcelona),UB,8 280,5 000,6 397,5 000,N/A,N/A,N/A,N/A,N/A,N/A,N/A
91059,Belles Arts "BAU" (Barcelona),UVic-UCC,5 000,5 000,5 000,5 000,N/A,N/A,N/A,N/A,N/A,N/A,N/A
91917,Bioinformàtica (docència en Anglès) (Barcelona / Cerdanyola del Vallès),UPC / UB /UAB / UPF,10 738,5 000,5 000,5 000,N/A,N/A,N/A,N/A,N/A,N/A,N/A
11002,Biologia (Barcelona),UB,11 030,5 000,6 800,6 167,N/A,N/A,N/A,N/A,N/A,N/A,N/A
21009,Biologia (Cerdanyola del Vallès),UAB,10 936,5 063,7 140,5 000,N/A,N/A,N/A,N/A,N/A,N/A,N/A
81006,Biologia (Girona),UdG,9 822,5 000,5 000,5 000,N/A,N/A,N/A,N/A,N/A,N/A,N/A
91018,Biologia (Vic),UVic-UCC,5 000,5 000,5 000,5 000,N/A,N/A,N/A,N/A,N/A,N/A,N/A
81047,Biologia / Biotecnologia (simultaneïtat) (Girona),UdG,11 420,5 000,5 000,5 000,N/A,N/A,N/A,N/A,N/A,N/A,N/A
91058,Biomedicina (Vic),UVic-UCC,10 726,5 000,7 430,5 000,N/A,N/A,N/A,N/A,N/A,N/A,N/A
11003,Bioquímica (Barcelona),UB,11 608,5 000,7 260,5 000,N/A,N/A,N/A,N/A,N/A,N/A,N/A
81048,Biologia / Ciències Ambientals (simultaneïtat) (Girona),UdG,9 484,5 000,5 000,5 000,N/A,N/A,N/A,N/A,N/A,N/A,N/A
21008,Biologia Ambiental (Cerdanyola del Vallès),UAB,10 744,5 000,5 000,5 000,N/A,N/A,N/A,N/A,N/A,N/A,N/A
41001,Biologia Humana (Barcelona),UPF,11 823,5 000,7 000,5 000,N/A,N/A,N/A,N/A,N/A,N/A,N/A
11004,Biotecnologia (Barcelona),UB,11 793,5 000,6 600,5 000,N/A,N/A,N/A,N/A,N/A,N/A,N/A
21011,Bioquímica (Cerdanyola del Vallès),UAB,11 342,5 000,5 000,5 000,N/A,N/A,N/A,N/A,N/A,N/A,N/A
N/A,N/A,N/A,N/A,N/A,N/A,N/A,71005.0,Bioquímica i Biologia Molecular (Tarragona),URV,10 980,5 000,5 000,5 000
N/A,N/A,N/A,N/A,N/A,N/A,N/A,71054.0,Bioquímica i Biologia Molecular / Biotecnologia (simultaneïtat) (Tarragona),URV,12 417,5 000,5 000,5 000
N/A,N/A,N/A,N/A,N/A,N/A,N/A,21012.0,Biotecnologia (Cerdanyola del Vallès),UAB,11 408,5 000,5 000,5 000
N/A,N/A,N/A,N/A,N/A,N/A,N/A,81007.0,Biotecnologia (Girona),UdG,10 508,5 000,5 000,5 000
N/A,N/A,N/A,N/A,N/A,N/A,N/A,61005.0,Biotecnologia (Lleida),UdL,10 128,5 000,5 000,5 000
N/A,N/A,N/A,N/A,N/A,N/A,N/A,71006.0,Biotecnologia (Tarragona),URV,10 514,5 000,5 000,5 000
N/A,N/A,N/A,N/A,N/A,N/A,N/A,91004.0,Biotecnologia (Vic),UVic-UCC,5 000,5 000,5 000,5 000
N/A,N/A,N/A,N/A,N/A,N/A,N/A,71056.0,Biotecnologia / Enginyeria Informàtica (simultaneïtat) (Tarragona),URV,10 753,5 000,5 000,5 000
N/A,N/A,N/A,N/A,N/A,N/A,N/A,11109.0,Ciberseguretat "ENTI" (Barcelona),UB,6 242,5 000,5 000,5 000
N/A,N/A,N/A,N/A,N/A,N/A,N/A,31089.0,Ciència i Enginyeria de Dades (Barcelona),UPC,12 428,5 000,5 000,5 000
N/A,N/A,N/A,N/A,N/A,N/A,N/A,61040.0,Ciència i Producció Animal / Veterinària (simultaneïtat) (Lleida),UdL,11 252,5 125,8 130,5 000
N/A,N/A,N/A,N/A,N/A,N/A,N/A,21021.0,Ciència i Tecnologia dels Aliments (Cerdanyola del Vallès),UAB,9 194,5 000,6 210,5 000
N/A,N/A,N/A,N/A,N/A,N/A,N/A,61008.0,Ciència i Tecnologia dels Aliments (Lleida),UdL,5 000,5 000,5 000,5 000
N/A,N/A,N/A,N/A,N/A,N/A,N/A,11054.0,Ciència i Tecnologia dels Aliments (Santa Coloma de Gramenet),UB,8 524,5 000,5 000,5 000
N/A,N/A,N/A,N/A,N/A,N/A,N/A,21013.0,Ciència Política i Gestió Pública (Cerdanyola del Vallès),UAB,8 292,5 000,5 000,5 000
N/A,N/A,N/A,N/A,N/A,N/A,N/A,21104.0,Ciència Política i Gestió Pública / Dret (simultaneïtat) (Cerdanyola del Vallès),UAB,11 090,5 094,6 550,5 000
N/A,N/A,N/A,N/A,N/A,N/A,N/A,21125.0,Ciència Política i Gestió Pública / Sociologia (simultaneïtat) (Cerdanyola delVallès),UAB,9 584,5 000,5 000,5 000
N/A,N/A,N/A,N/A,N/A,N/A,N/A,21137.0,Ciència  Tecnologia i Humanitats (Cerdanyola del Vallès),UAB,7 116,5 000,6 800,5 000
N/A,N/A,N/A,N/A,N/A,N/A,N/A,21131.0,Ciències (Cerdanyola del Vallès),UAB,6 154,5 000,5 000,5 000
N/A,N/A,N/A,N/A,N/A,N/A,N/A,11005.0,Ciències Ambientals (Barcelona),UB,9 232,5 000,5 000,5 000
N/A,N/A,N/A,N/A,N/A,N/A,N/A,21147.0,Ciències Ambientals (Cerdanyola del Vallès),UAB,8 686,5 000,5 000,5 000
N/A,N/A,N/A,N/A,N/A,N/A,N/A,81008.0,Ciències Ambientals (Girona),UdG,6 894,5 813,5 000,5 000
N/A,N/A,N/A,N/A,N/A,N/A,N/A,21151.0,Ciències Ambientals / Geologia (simultaneïtat) (Cerdanyola del Vallès),UAB,7 118,5 000,5 000,5 000
N/A,N/A,N/A,N/A,N/A,N/A,N/A,11006.0,Ciències Biomèdiques (Barcelona / L'Hospitalet de Llobregat),UB,12 304,5 500,7 700,5 000
N/A,N/A,N/A,N/A,N/A,N/A,N/A,21010.0,Ciències Biomèdiques (Cerdanyola del Vallès),UAB,12 431,5 000,8 200,5 000
N/A,N/A,N/A,N/A,N/A,N/A,N/A,61004.0,Ciències Biomèdiques (Lleida),UdL,11 767,5 000,5 000,5 000
N/A,N/A,N/A,N/A,N/A,N/A,N/A,11113.0,Ciències Culinàries i Gastronòmiques "CETT" (Barcelona),UB,5 000,5 000,5 000,5 000
N/A,N/A,N/A,N/A,N/A,N/A,N/A,71086.0,Ciències de l'Activitat Física i de l'Esport "EUSES" (Amposta),URV,5 602,5 000,5 000,5 000
N/A,N/A,N/A,N/A,N/A,N/A,N/A,11007.0,Ciències de l'Activitat Física i de l'Esport (Barcelona),UB,10 309,5 438,6 530,5 333
N/A,N/A,N/A,N/A,N/A,N/A,N/A,61071.0,Ciències de l'Activitat Física i de l'Esport (La Seu d'Urgell),UdL,9 191,5 000,8 290,5 000
N/A,N/A,N/A,N/A,N/A,N/A,N/A,61007.0,Ciències de l'Activitat Física i de l'Esport (Lleida),UdL,9 498,5 000,5 000,5 000
N/A,N/A,N/A,N/A,N/A,N/A,N/A,41038.0,Ciències de l'Activitat Física i de l'Esport "Tecnocampus" (Mataró),UPF,8 180,5 000,5 000,5 000
N/A,N/A,N/A,N/A,N/A,N/A,N/A,81082.0,Ciències de l'Activitat Física i de l'Esport "EUSES" (Salt),UdG,5 232,5 000,5 000,5 000
N/A,N/A,N/A,N/A,N/A,N/A,N/A,91001.0,Ciències de l'Activitat Física i de l'Esport (Vic),UVic-UCC,6 866,5 000,5 000,5 000
N/A,N/A,N/A,N/A,N/A,N/A,N/A,61038.0,Ciències de l'Activitat Física i de l'Esport / Educació Primària (simultaneïtat)(Lleida),UdL,9 404,5 000,6 960,5 000
N/A,N/A,N/A,N/A,N/A,N/A,N/A,91055.0,Ciències de l'Activitat Física i de l'Esport / Educació Primària (menció enEducació Física) (simultaneïtat) (Vic),UVic-UCC,5 000,5 000,5 000,5 000
N/A,N/A,N/A,N/A,N/A,N/A,N/A,81086.0,Ciències de l'Activitat Física i de l'Esport / Fisioteràpia "EUSES" (simultaneïtat)(Salt),UdG,6 686,5 000,5 000,5 000
N/A,N/A,N/A,N/A,N/A,N/A,N/A,71088.0,Ciències de l'Activitat Física i de l'Esport / Fisioteràpia "EUSES" (simultaneïtat)(Amposta / Tortosa),URV,5 871,5 000,5 000,5 000
N/A,N/A,N/A,N/A,N/A,N/A,N/A,61039.0,Ciències de l'Activitat Física i de l'Esport / Fisioteràpia (simultaneïtat) (Lleida),UdL,11 122,5 000,7 470,5 000
N/A,N/A,N/A,N/A,N/A,N/A,N/A,41037.0,Ciències de l'Activitat Física i de l'Esport / Fisioteràpia "Tecnocampus"(simultaneïtat) (Mataró),UPF,7 710,5 000,5 000,5 000
N/A,N/A,N/A,N/A,N/A,N/A,N/A,21117.0,Ciències de l'Antiguitat (Cerdanyola del Vallès),UAB,5 000,5 000,5 000,5 000
N/A,N/A,N/A,N/A,N/A,N/A,N/A,11077.0,Ciències del Mar (Barcelona),UB,10 228,8 813,8 010,5 000
N/A,N/A,N/A,N/A,N/A,N/A,N/A,41009.0,Ciències Empresarials - Management (Barcelona),UPF,11 580,5 000,5 000,5 000
N/A,N/A,N/A,N/A,N/A,N/A,N/A,31095.0,Ciències i Tecnologies Aplicades a l'Esport i al Fitnes "EUNCET" (Barcelona),UPC,5 000,5 000,5 000,5 000
N/A,N/A,N/A,N/A,N/A,N/A,N/A,31096.0,Ciències i Tecnologies del Mar (Castelldefels / Barcelona / Vilanova i la Geltrú),UPC,6 244,5 000,5 000,5 000
N/A,N/A,N/A,N/A,N/A,N/A,N/A,11008.0,Ciències Polítiques i de l'Administració (Barcelona),UB,8 530,5 000,6 936,5 000
N/A,N/A,N/A,N/A,N/A,N/A,N/A,41010.0,Ciències Polítiques i de l'Administració (Barcelona),UPF,8 360,5 000,5 000,5 000
N/A,N/A,N/A,N/A,N/A,N/A,N/A,81010.0,Ciències Polítiques i de l'Administració (Girona),UdG,7 032,5 000,5 000,5 000
N/A,N/A,N/A,N/A,N/A,N/A,N/A,11065.0,Ciències Polítiques i de l'Administració / Dret (simultaneïtat) (Barcelona),UB,11 452,5 563,5 000,5 000
N/A,N/A,N/A,N/A,N/A,N/A,N/A,81054.0,Ciències Polítiques i de l'Administració / Dret (simultaneïtat) (Girona),UdG,9 408,5 000,5 000,5 000
N/A,N/A,N/A,N/A,N/A,N/A,N/A,11105.0,Cinematografia "ESCAC" (Terrassa),UB,5 000,5 000,5 000,5 000
N/A,N/A,N/A,N/A,N/A,N/A,N/A,81011.0,Comptabilitat i Finances (Girona),UdG,7 673,5 000,5 000,5 000
N/A,N/A,N/A,N/A,N/A,N/A,N/A,21084.0,Comptabilitat i Finances (Sabadell),UAB,8 612,5 000,5 000,5 000
N/A,N/A,N/A,N/A,N/A,N/A,N/A,11097.0,Comunicació Audiovisual (Barcelona),UB,11 090,5 938,7 350,5 000
N/A,N/A,N/A,N/A,N/A,N/A,N/A,41002.0,Comunicació Audiovisual (Barcelona),UPF,11 614,7 813,6 850,5 000
N/A,N/A,N/A,N/A,N/A,N/A,N/A,21085.0,Comunicació Audiovisual (Cerdanyola del Vallès),UAB,10 520,5 000,5 000,5 000
N/A,N/A,N/A,N/A,N/A,N/A,N/A,71007.0,Comunicació Audiovisual (Tarragona),URV,9 232,6 125,5 000,5 000
N/A,N/A,N/A,N/A,N/A,N/A,N/A,91006.0,Comunicació Audiovisual (Vic),UVic-UCC,5 000,5 000,5 000,5 000
N/A,N/A,N/A,N/A,N/A,N/A,N/A,11098.0,Comunicació Audiovisual / Gestió d'Informació i Documentació Digital(simultaneïtat) (Barcelona),UB,10 276,5 000,5 000,5 000
N/A,N/A,N/A,N/A,N/A,N/A,N/A,81005.0,Comunicació Audiovisual i Multimèdia "ERAM" (Salt),UdG,5 000,5 000,5 000,5 000
N/A,N/A,N/A,N/A,N/A,N/A,N/A,81067.0,Comunicació Audiovisual i Multimèdia "ERAM" (docència en Anglès) (Salt),UdG,5 000,5 000,5 000,5 000
N/A,N/A,N/A,N/A,N/A,N/A,N/A,81068.0,Comunicació Cultural (Girona),UdG,5 000,5 000,5 000,6 667
N/A,N/A,N/A,N/A,N/A,N/A,N/A,21121.0,Comunicació de les Organitzacions (Cerdanyola del Vallès),UAB,9 406,5 000,5 000,5 000
N/A,N/A,N/A,N/A,N/A,N/A,N/A,11067.0,Comunicació i Indústries Culturals (Barcelona),UB,8 858,5 000,5 000,5 000
N/A,N/A,N/A,N/A,N/A,N/A,N/A,61009.0,Comunicació i Periodisme Audiovisuals (Lleida),UdL,6 953,5 000,5 000,5 000
N/A,N/A,N/A,N/A,N/A,N/A,N/A,21126.0,Comunicació Interactiva (Cerdanyola del Vallès),UAB,7 136,5 000,5 000,5 000
N/A,N/A,N/A,N/A,N/A,N/A,N/A,11100.0,Conservació - Restauració de Béns Culturals (Barcelona),UB,5 000,5 563,7 600,5 000
N/A,N/A,N/A,N/A,N/A,N/A,N/A,61042.0,Conservació de la Natura / Enginyeria Forestal (simultaneïtat) (Lleida),UdL,5 000,5 000,5 000,5 000
N/A,N/A,N/A,N/A,N/A,N/A,N/A,11010.0,Criminologia (Barcelona),UB,9 540,5 250,5 000,5 000
N/A,N/A,N/A,N/A,N/A,N/A,N/A,91050.0,Criminologia "ESERP" (Barcelona),UVic-UCC,5 000,5 000,5 000,5 000
N/A,N/A,N/A,N/A,N/A,N/A,N/A,21068.0,Criminologia (Cerdanyola del Vallès),UAB,9 764,7 063,5 000,5 000
N/A,N/A,N/A,N/A,N/A,N/A,N/A,81013.0,Criminologia (Girona),UdG,8 722,5 000,5 000,5 000
N/A,N/A,N/A,N/A,N/A,N/A,N/A,11088.0,Criminologia / Dret (simultaneïtat) (Barcelona),UB,11 550,5 625,5 000,5 000
N/A,N/A,N/A,N/A,N/A,N/A,N/A,21108.0,Criminologia / Dret (simultaneïtat) (Cerdanyola del Vallès),UAB,10 956,6 000,7 410,5 000
N/A,N/A,N/A,N/A,N/A,N/A,N/A,81056.0,Criminologia / Dret (simultaneïtat) (Girona),UdG,10 056,5 000,8 370,5 000
N/A,N/A,N/A,N/A,N/A,N/A,N/A,41011.0,Criminologia i Polítiques Públiques de Prevenció (Barcelona),UPF,9 356,5 000,5 000,5 000
N/A,N/A,N/A,N/A,N/A,N/A,N/A,41043.0,Criminologia i Polítiques Públiques de Prevenció / Dret (simultaneïtat)(Barcelona),UPF,11 362,5 000,5 000,5 000
N/A,N/A,N/A,N/A,N/A,N/A,N/A,21107.0,Direcció Hotelera (Cerdanyola del Vallès),UAB,5 000,5 000,5 000,5 000
N/A,N/A,N/A,N/A,N/A,N/A,N/A,81083.0,Direcció d'Empreses Hoteleres i Gastronòmiques (Sant Pol de Mar),UdG,5 000,5 000,5 000,5 000
N/A,N/A,N/A,N/A,N/A,N/A,N/A,71085.0,Direcció i Gestió d'Empreses en l'Àmbit Digital "ESIC" (Barcelona),URV,5 000,5 000,5 000,5 000
N/A,N/A,N/A,N/A,N/A,N/A,N/A,11110.0,Direcció i Gestió Gastronòmica "Barcelona Culinary Hub" (L'Hospitalet deLlobregat),UB,5 000,5 000,5 000,5 000
N/A,N/A,N/A,N/A,N/A,N/A,N/A,11101.0,Disseny (Barcelona),UB,10 842,5 000,5 000,5 000
N/A,N/A,N/A,N/A,N/A,N/A,N/A,91007.0,Disseny "BAU" (Barcelona),UVic-UCC,8 333,5 000,5 000,5 000
N/A,N/A,N/A,N/A,N/A,N/A,N/A,21015.0,Disseny "Eina" (Barcelona),UAB,5 000,5 000,5 000,5 000
N/A,N/A,N/A,N/A,N/A,N/A,N/A,61064.0,Disseny Digital i Tecnologies Creatives (Lleida),UdL,9 217,5 000,5 000,5 000
N/A,N/A,N/A,N/A,N/A,N/A,N/A,31121.0,Disseny Digital i Tecnologies Multimèdia (Terrassa),UPC,6 082,5 000,5 000,5 000
N/A,N/A,N/A,N/A,N/A,N/A,N/A,31083.0,Disseny i Desenvolupament de Videojocs (docència en Anglès) (CampusBarcelona) (Barcelona / Terrassa),UPC,5 000,5 000,5 000,5 000
N/A,N/A,N/A,N/A,N/A,N/A,N/A,81059.0,Disseny i Desenvolupament de Videojocs (Girona),UdG,7 736,5 000,8 130,5 000
N/A,N/A,N/A,N/A,N/A,N/A,N/A,31074.0,Disseny i Desenvolupament de Videojocs (Campus Terrassa) (Barcelona /Terrassa),UPC,5 000,5 000,5 000,5 000
N/A,N/A,N/A,N/A,N/A,N/A,N/A,11106.0,Disseny i Desenvolupament de Videojocs i Jocs Aplicats "ENTI" (Barcelona),UB,5 000,5 000,5 000,5 000
N/A,N/A,N/A,N/A,N/A,N/A,N/A,91056.0,Disseny i Innovació "ELISAVA" (Barcelona),UVic-UCC,5 182,5 000,5 000,5 000
N/A,N/A,N/A,N/A,N/A,N/A,N/A,41045.0,Disseny i Producció de Videojocs "Tecnocampus" (Mataró),UPF,5 000,5 000,5 000,5 000
N/A,N/A,N/A,N/A,N/A,N/A,N/A,41052.0,Disseny i Producció de Videojocs / Enginyeria Informàtica de Gestió i Sistemesd'Informació "Tecnocampus" (simultaneïtat) (Mataró),UPF,5 000,5 000,5 000,5 000
N/A,N/A,N/A,N/A,N/A,N/A,N/A,31122.0,Disseny  Animació i Art Digital (Terrassa),UPC,9 360,5 000,5 000,5 000
N/A,N/A,N/A,N/A,N/A,N/A,N/A,11107.0,Disseny  Animació i Art Digital per a Videojocs i Jocs Aplicats "ENTI" (Barcelona),UB,7 328,5 000,5 000,5 000
N/A,N/A,N/A,N/A,N/A,N/A,N/A,11012.0,Dret (Barcelona),UB,9 900,5 000,7 438,5 000
N/A,N/A,N/A,N/A,N/A,N/A,N/A,41013.0,Dret (Barcelona),UPF,11 103,5 000,7 130,5 000
N/A,N/A,N/A,N/A,N/A,N/A,N/A,91053.0,Dret "ESERP" (Barcelona),UVic-UCC,5 000,5 000,5 000,5 000
N/A,N/A,N/A,N/A,N/A,N/A,N/A,21086.0,Dret (Cerdanyola del Vallès),UAB,9 746,6 188,6 850,5 000
N/A,N/A,N/A,N/A,N/A,N/A,N/A,81015.0,Dret (Girona),UdG,8 820,5 000,7 190,5 000
N/A,N/A,N/A,N/A,N/A,N/A,N/A,61010.0,Dret (Lleida),UdL,7 766,5 000,5 000,5 000
N/A,N/A,N/A,N/A,N/A,N/A,N/A,71008.0,Dret (Tarragona),URV,8 536,5 125,5 000,5 000
N/A,N/A,N/A,N/A,N/A,N/A,N/A,11070.0,Dret / Gestió i Administració Pública (simultaneïtat) (Barcelona),UB,10 094,6 250,6 830,5 000
N/A,N/A,N/A,N/A,N/A,N/A,N/A,21145.0,Dret / Relacions Internacionals (simultaneïtat) (Cerdanyola del Vallès),UAB,12 886,6 188,6 586,5 000
N/A,N/A,N/A,N/A,N/A,N/A,N/A,21109.0,Dret / Relacions Laborals (simultaneïtat) (Cerdanyola del Vallès),UAB,10 250,5 000,6 830,5 000
N/A,N/A,N/A,N/A,N/A,N/A,N/A,71083.0,Dret / Relacions Laborals i Recursos Humans (simultaneïtat) (Tarragona),URV,8 745,5 000,6 330,5 000
N/A,N/A,N/A,N/A,N/A,N/A,N/A,11103.0,Economia (Barcelona),UB,9 238,5 000,5 000,5 000
N/A,N/A,N/A,N/A,N/A,N/A,N/A,41014.0,Economia (Barcelona),UPF,10 722,5 000,5 000,5 000
N/A,N/A,N/A,N/A,N/A,N/A,N/A,21070.0,Economia (Cerdanyola del Vallès),UAB,9 150,5 000,5 000,5 000
N/A,N/A,N/A,N/A,N/A,N/A,N/A,21110.0,Economia (docència en Anglès) (Cerdanyola del Vallès),UAB,9 527,5 000,5 000,5 000
N/A,N/A,N/A,N/A,N/A,N/A,N/A,81016.0,Economia (Girona),UdG,8 686,5 000,5 000,5 000
N/A,N/A,N/A,N/A,N/A,N/A,N/A,71009.0,Economia (Reus),URV,7 588,5 000,5 000,5 000
N/A,N/A,N/A,N/A,N/A,N/A,N/A,91914.0,Economia / Estadística (simultaneïtat) (Barcelona),UB / UPC,11 398,5 000,5 000,5 000
N/A,N/A,N/A,N/A,N/A,N/A,N/A,81069.0,Economia / Filosofia (simultaneïtat) (Girona),UdG,7 942,5 000,5 000,5 000
N/A,N/A,N/A,N/A,N/A,N/A,N/A,11013.0,Educació Infantil (Barcelona),UB,9 064,5 000,5 000,5 000
N/A,N/A,N/A,N/A,N/A,N/A,N/A,21016.0,Educació Infantil (Cerdanyola del Vallès),UAB,9 216,5 000,6 620,5 000
N/A,N/A,N/A,N/A,N/A,N/A,N/A,71034.0,Educació Infantil (el Vendrell),URV,7 553,5 000,5 000,5 000
N/A,N/A,N/A,N/A,N/A,N/A,N/A,81017.0,Educació Infantil (Girona),UdG,8 320,5 000,5 000,5 000
N/A,N/A,N/A,N/A,N/A,N/A,N/A,61011.0,Educació Infantil (Lleida),UdL,5 000,5 000,5 000,5 000
N/A,N/A,N/A,N/A,N/A,N/A,N/A,91038.0,Educació Infantil (Campus Manresa) (Manresa),UVic-UCC,5 000,5 000,5 000,7 333
N/A,N/A,N/A,N/A,N/A,N/A,N/A,71010.0,Educació Infantil (Tarragona),URV,7 206,5 000,5 000,5 000
N/A,N/A,N/A,N/A,N/A,N/A,N/A,71029.0,Educació Infantil (Tortosa),URV,5 000,5 000,5 000,5 000
N/A,N/A,N/A,N/A,N/A,N/A,N/A,91008.0,Educació Infantil (Vic),UVic-UCC,5 000,5 000,5 000,5 000
N/A,N/A,N/A,N/A,N/A,N/A,N/A,11072.0,Educació Infantil / Educació Primària (pla de millora de la formació inicial deMestre - 5 anys) (simultaneïtat) (Barcelona),UB,11 343,6 250,5 000,5 000
N/A,N/A,N/A,N/A,N/A,N/A,N/A,21111.0,Educació Infantil / Educació Primària (pla de millora de la formació inicial deMestre - 5 anys) (simultaneïtat) (Cerdanyola del Vallès),UAB,11 260,5 000,6 800,5 000
N/A,N/A,N/A,N/A,N/A,N/A,N/A,81049.0,Educació Infantil / Educació Primària (pla de millora de la formació inicial deMestre - 5 anys) (simultaneïtat) (Girona),UdG,9 434,5 000,5 000,5 000
N/A,N/A,N/A,N/A,N/A,N/A,N/A,61037.0,Educació Infantil / Educació Primària (pla de millora de la formació inicial deMestre - 5 anys) (simultaneïtat) (Lleida),UdL,9 278,5 000,5 000,5 000
N/A,N/A,N/A,N/A,N/A,N/A,N/A,71050.0,Educació Infantil / Educació Primària (pla de millora de la formació inicial deMestre - 5 anys) (simultaneïtat) (Tarragona),URV,7 994,5 000,5 000,5 000
N/A,N/A,N/A,N/A,N/A,N/A,N/A,71076.0,Educació Infantil / Educació Primària (pla de millora de la formació inicial deMestre - 5 anys) (simultaneïtat) (Tortosa),URV,7 104,5 000,6 540,5 000
N/A,N/A,N/A,N/A,N/A,N/A,N/A,91030.0,Educació Infantil / Educació Primària (pla de millora de la formació inicial deMestre - 5 anys) (menció en Llengua Anglesa) (simultaneïtat) (Vic),UVic-UCC,5 000,5 000,5 000,5 000
N/A,N/A,N/A,N/A,N/A,N/A,N/A,11014.0,Educació Primària (Barcelona),UB,9 442,5 000,7 130,5 000
N/A,N/A,N/A,N/A,N/A,N/A,N/A,21018.0,Educació Primària (Cerdanyola del Vallès),UAB,10 157,5 000,6 030,5 000
N/A,N/A,N/A,N/A,N/A,N/A,N/A,21102.0,Educació Primària (docència en Anglès) (Cerdanyola del Vallès),UAB,8 610,5 000,5 000,5 000
N/A,N/A,N/A,N/A,N/A,N/A,N/A,81018.0,Educació Primària (Girona),UdG,9 178,5 000,7 600,5 000
N/A,N/A,N/A,N/A,N/A,N/A,N/A,61072.0,Educació Primària (modalitat Bilingüe) (Lleida),UdL,7 448,5 000,5 000,5 000
N/A,N/A,N/A,N/A,N/A,N/A,N/A,61073.0,Educació Primària (modalitat dual) (Lleida),UdL,8 416,5 000,5 000,5 000
N/A,N/A,N/A,N/A,N/A,N/A,N/A,71011.0,Educació Primària (Tarragona),URV,9 040,5 000,6 999,5 000
N/A,N/A,N/A,N/A,N/A,N/A,N/A,71033.0,Educació Primària (Tortosa),URV,7 128,5 000,5 000,5 000
N/A,N/A,N/A,N/A,N/A,N/A,N/A,91009.0,Educació Primària (Vic),UVic-UCC,5 000,5 000,5 000,5 000
N/A,N/A,N/A,N/A,N/A,N/A,N/A,11015.0,Educació Social (Barcelona),UB,8 674,5 000,5 000,5 500
N/A,N/A,N/A,N/A,N/A,N/A,N/A,21019.0,Educació Social (Cerdanyola del Vallès),UAB,9 492,5 125,6 450,5 833
N/A,N/A,N/A,N/A,N/A,N/A,N/A,81019.0,Educació Social (Girona),UdG,7 718,5 000,5 000,7 667
N/A,N/A,N/A,N/A,N/A,N/A,N/A,61013.0,Educació Social (Lleida),UdL,7 788,5 000,5 000,5 000
N/A,N/A,N/A,N/A,N/A,N/A,N/A,71012.0,Educació Social (Tarragona),URV,8 104,5 000,7 300,5 667
N/A,N/A,N/A,N/A,N/A,N/A,N/A,91010.0,Educació Social (Vic),UVic-UCC,5 000,5 000,5 000,5 000
N/A,N/A,N/A,N/A,N/A,N/A,N/A,21087.0,Empresa i Tecnologia (Sabadell),UAB,9 600,5 000,5 000,5 000
N/A,N/A,N/A,N/A,N/A,N/A,N/A,31126.0,Empresa  Innovació i Tecnologia "EUNCET" (Campus 22@) (presencial)(Barcelona),UPC,5 758,5 000,5 000,5 000
N/A,N/A,N/A,N/A,N/A,N/A,N/A,31125.0,Empresa  Innovació i Tecnologia "EUNCET" (Campus 22@) (semipresencial)(Barcelona),UPC,5 000,5 000,5 000,5 000
N/A,N/A,N/A,N/A,N/A,N/A,N/A,31128.0,Empresa  Innovació i Tecnologia "EUNCET" (Campus Terrassa) (presencial)(Terrassa),UPC,5 000,5 000,5 000,5 000
N/A,N/A,N/A,N/A,N/A,N/A,N/A,31127.0,Empresa  Innovació i Tecnologia "EUNCET" (Campus Terrassa) (semipresencial)(Terrassa),UPC,5 000,5 000,5 000,5 333
N/A,N/A,N/A,N/A,N/A,N/A,N/A,31129.0,Empresa  Innovació i Tecnologia / Màrqueting  Innovació i Tecnologia "EUNCET"(Campus 22@) (presencial) (simultaneïtat) (Barcelona),UPC,5 000,5 000,5 000,5 000
N/A,N/A,N/A,N/A,N/A,N/A,N/A,31130.0,Empresa  Innovació i Tecnologia / Màrqueting  Innovació i Tecnologia "EUNCET"(Campus Terrassa) (presencial) (simultaneïtat) (Terrassa),UPC,5 000,5 000,5 000,5 000
N/A,N/A,N/A,N/A,N/A,N/A,N/A,11073.0,Empresa Internacional (docència en Anglès) (Barcelona),UB,11 683,5 000,5 000,5 000
N/A,N/A,N/A,N/A,N/A,N/A,N/A,61006.0,Enginyeria Agrària i Alimentària (Lleida),UdL,6 210,5 000,5 950,5 000
N/A,N/A,N/A,N/A,N/A,N/A,N/A,81032.0,Enginyeria Agroalimentària (Girona),UdG,6 768,5 000,5 000,5 000
N/A,N/A,N/A,N/A,N/A,N/A,N/A,31004.0,Enginyeria Alimentària (Castelldefels),UPC,7 232,5 000,5 000,6 667
N/A,N/A,N/A,N/A,N/A,N/A,N/A,31100.0,Enginyeria Ambiental (Castelldefels / Barcelona),UPC,7 425,5 000,6 400,5 000
N/A,N/A,N/A,N/A,N/A,N/A,N/A,11059.0,Enginyeria Biomèdica (Barcelona),UB,12 500,5 000,8 000,5 000
N/A,N/A,N/A,N/A,N/A,N/A,N/A,41033.0,Enginyeria Biomèdica (Barcelona),UPF,12 286,5 000,5 000,5 000
N/A,N/A,N/A,N/A,N/A,N/A,N/A,31051.0,Enginyeria Biomèdica (Barcelona / Sant Adrià de Besòs),UPC,11 838,5 000,8 172,5 000
N/A,N/A,N/A,N/A,N/A,N/A,N/A,81063.0,Enginyeria Biomèdica (Girona),UdG,10 708,5 000,8 160,5 000
N/A,N/A,N/A,N/A,N/A,N/A,N/A,71064.0,Enginyeria Biomèdica (Tarragona),URV,10 686,5 000,5 000,5 000
N/A,N/A,N/A,N/A,N/A,N/A,N/A,71070.0,Enginyeria Biomèdica / Enginyeria de Sistemes i Serveis de Telecomunicacions(simultaneïtat) (Tarragona),URV,11 836,5 000,5 000,5 000
N/A,N/A,N/A,N/A,N/A,N/A,N/A,31103.0,Enginyeria Civil (Barcelona),UPC,8 528,5 000,5 000,5 000
N/A,N/A,N/A,N/A,N/A,N/A,N/A,31113.0,Enginyeria Civil  Grau en + Màster universitari en Enginyeria de Camins  Canals iPorts (PARS: Enginyer/a de Camins  Canals i Ports) (Barcelona),UPC,10 978,5 000,7 270,5 000
N/A,N/A,N/A,N/A,N/A,N/A,N/A,21132.0,Enginyeria d'Automoció "EU Salesiana de Sarrià" (Barcelona),UAB,7 030,5 000,5 000,5 000
N/A,N/A,N/A,N/A,N/A,N/A,N/A,31091.0,Enginyeria d'Automoció (Campus Manresa) (Manresa / Barcelona),UPC,10 260,5 000,5 000,5 000
N/A,N/A,N/A,N/A,N/A,N/A,N/A,71061.0,Enginyeria de Bioprocessos Alimentaris (Tarragona),URV,5 802,5 000,5 000,5 000
N/A,N/A,N/A,N/A,N/A,N/A,N/A,31097.0,Enginyeria de Ciències Agronòmiques (Castelldefels),UPC,6 114,5 000,7 150,5 000
N/A,N/A,N/A,N/A,N/A,N/A,N/A,21118.0,Enginyeria de Dades (Cerdanyola del Vallès),UAB,9 882,5 000,5 000,5 000
N/A,N/A,N/A,N/A,N/A,N/A,N/A,91057.0,Enginyeria de Disseny Industrial "ELISAVA" (Barcelona),UVic-UCC,5 000,5 000,5 000,5 000
N/A,N/A,N/A,N/A,N/A,N/A,N/A,31022.0,Enginyeria de Disseny Industrial i Desenvolupament del Producte (Terrassa),UPC,10 962,5 000,5 000,5 000
N/A,N/A,N/A,N/A,N/A,N/A,N/A,31006.0,Enginyeria de Disseny Industrial i Desenvolupament del Producte (Vilanova i laGeltrú),UPC,8 105,5 000,5 000,5 000
N/A,N/A,N/A,N/A,N/A,N/A,N/A,91051.0,Enginyeria de l'Automoció (Granollers),UVic-UCC,6 638,5 000,5 000,5 000
N/A,N/A,N/A,N/A,N/A,N/A,N/A,31052.0,Enginyeria de l'Energia (Barcelona / Sant Adrià de Besòs),UPC,8 398,5 000,5 000,5 000
N/A,N/A,N/A,N/A,N/A,N/A,N/A,61061.0,Enginyeria de l'Energia i Sostenibilitat / Enginyeria en Electrònica Industrial iAutomàtica / Enginyeria Mecànica (agrupació) (Lleida),UdL,6 707,5 000,5 000,5 000
N/A,N/A,N/A,N/A,N/A,N/A,N/A,61075.0,Enginyeria de l'Energia i Sostenibilitat / Enginyeria en Electrònica Industrial iAutomàtica / Enginyeria Mecànica (agrupació) Grau en + Màster Universitari enEnginyeria Industrial (PARS: Enginyer/a Industrial) (Lleida),UdL,8 620,5 000,5 000,5 000
N/A,N/A,N/A,N/A,N/A,N/A,N/A,61065.0,Enginyeria de l'Energia i Sostenibilitat / Enginyeria Mecànica (simultaneïtat)(Lleida),UdL,10 944,5 000,5 000,5 000
N/A,N/A,N/A,N/A,N/A,N/A,N/A,11060.0,Enginyeria de Materials (Barcelona),UB,7 792,5 000,5 000,5 000
N/A,N/A,N/A,N/A,N/A,N/A,N/A,31025.0,Enginyeria de Materials (Barcelona / Sant Adrià de Besòs),UPC,8 140,5 000,8 100,5 000
N/A,N/A,N/A,N/A,N/A,N/A,N/A,31123.0,Enginyeria de Satèl·lits (Castelldefels),UPC,10 830,5 000,5 000,5 000
N/A,N/A,N/A,N/A,N/A,N/A,N/A,31084.0,Enginyeria de Sistemes Aeroespacials (Castelldefels),UPC,11 212,5 000,5 000,5 000
N/A,N/A,N/A,N/A,N/A,N/A,N/A,31085.0,Enginyeria de Sistemes Aeroespacials / Enginyeria de Sistemes deTelecomunicació - Enginyeria Telemàtica (agrupació de simultaneïtat)(Castelldefels),UPC,11 400,5 000,5 000,5 000
N/A,N/A,N/A,N/A,N/A,N/A,N/A,31010.0,Enginyeria de Sistemes Audiovisuals (Terrassa),UPC,6 494,5 000,5 000,5 000
N/A,N/A,N/A,N/A,N/A,N/A,N/A,31011.0,Enginyeria de Sistemes Biològics (Castelldefels),UPC,8 772,5 000,5 000,5 000
N/A,N/A,N/A,N/A,N/A,N/A,N/A,21115.0,Enginyeria de Sistemes de Telecomunicació / Enginyeria Electrònica deTelecomunicació (agrupació) (Cerdanyola del Vallès),UAB,7 458,5 000,5 000,5 000
N/A,N/A,N/A,N/A,N/A,N/A,N/A,21105.0,Enginyeria de Sistemes de Telecomunicació / Enginyeria Informàtica(simultaneïtat) (Cerdanyola del Vallès),UAB,9 498,5 000,5 000,5 000
N/A,N/A,N/A,N/A,N/A,N/A,N/A,31076.0,Enginyeria de Sistemes de Telecomunicació / Enginyeria Telemàtica (inclouxarxes i Internet) (agrupació) (Castelldefels),UPC,7 667,5 000,5 000,5 000
N/A,N/A,N/A,N/A,N/A,N/A,N/A,31077.0,Enginyeria de Sistemes de Telecomunicació / Enginyeria Telemàtica (inclouxarxes i Internet) (febrer) (agrupació) (Castelldefels),UPC,6 486,5 000,5 000,5 000
N/A,N/A,N/A,N/A,N/A,N/A,N/A,71042.0,Enginyeria de Sistemes i Serveis de Telecomunicacions (Tarragona),URV,7 400,5 000,5 000,5 000
N/A,N/A,N/A,N/A,N/A,N/A,N/A,31065.0,Enginyeria de Sistemes TIC (àmbit d'Informàtica i Comunicacions) (Manresa),UPC,7 330,5 000,5 000,5 000
N/A,N/A,N/A,N/A,N/A,N/A,N/A,31015.0,Enginyeria de Tecnologia i Disseny Tèxtil / Enginyeria Elèctrica / EnginyeriaElectrònica Industrial i Automàtica / Enginyeria Mecànica / Enginyeria Química(agrupació) (Terrassa),UPC,8 146,5 000,5 000,5 000
N/A,N/A,N/A,N/A,N/A,N/A,N/A,31086.0,Enginyeria de Tecnologies i Serveis de Telecomunicació (Barcelona),UPC,7 754,5 000,5 000,5 000
N/A,N/A,N/A,N/A,N/A,N/A,N/A,31111.0,Enginyeria de Tecnologies i Serveis de Telecomunicació  Grau en + MàsterUniversitari en Enginyeria de Telecomunicació (PARS: Enginyer/a deTelecomunicació) (Barcelona),UPC,10 214,5 000,5 960,5 000
N/A,N/A,N/A,N/A,N/A,N/A,N/A,41020.0,Enginyeria de Xarxes de Telecomunicació (Barcelona),UPF,8 244,5 000,5 000,5 000
N/A,N/A,N/A,N/A,N/A,N/A,N/A,41057.0,Enginyeria d'Organització Industrial / Enginyeria Electrònica Industrial iAutomàtica / Enginyeria Mecànica "Tecnocampus" (agrupació) (Mataró),UPF,5 732,5 000,5 000,7 833
N/A,N/A,N/A,N/A,N/A,N/A,N/A,31053.0,Enginyeria Elèctrica (Barcelona / Sant Adrià de Besòs),UPC,7 944,5 000,5 000,5 000
N/A,N/A,N/A,N/A,N/A,N/A,N/A,81040.0,Enginyeria Elèctrica (Girona),UdG,6 450,5 000,5 000,5 000
N/A,N/A,N/A,N/A,N/A,N/A,N/A,71037.0,Enginyeria Elèctrica (Tarragona),URV,6 332,5 000,5 000,5 000
N/A,N/A,N/A,N/A,N/A,N/A,N/A,81050.0,Enginyeria Elèctrica / Enginyeria Electrònica Industrial i Automàtica(simultaneïtat) (Girona),UdG,6 241,5 000,5 000,5 000
N/A,N/A,N/A,N/A,N/A,N/A,N/A,71058.0,Enginyeria Elèctrica / Enginyeria Electrònica Industrial i Automàtica(simultaneïtat) (Tarragona),URV,9 042,5 000,5 000,5 000
N/A,N/A,N/A,N/A,N/A,N/A,N/A,31124.0,Enginyeria Elèctrica i Sistemes Ferroviaris / Enginyeria Electrònica Industrial iAutomàtica / Enginyeria Mecànica (Agrupació) (Vilanova i la Geltrú),UPC,7 204,5 000,5 000,5 000
N/A,N/A,N/A,N/A,N/A,N/A,N/A,11017.0,Enginyeria Electrònica de Telecomunicació (Barcelona),UB,8 660,5 000,5 000,5 000
N/A,N/A,N/A,N/A,N/A,N/A,N/A,31099.0,Enginyeria Electrònica de Telecomunicació (Barcelona),UPC,9 523,5 000,5 000,5 000
N/A,N/A,N/A,N/A,N/A,N/A,N/A,21106.0,Enginyeria Electrònica de Telecomunicació / Enginyeria Informàtica(simultaneïtat) (Cerdanyola del Vallès),UAB,8 893,5 000,5 000,5 000
N/A,N/A,N/A,N/A,N/A,N/A,N/A,21025.0,Enginyeria Electrònica Industrial i Automàtica "EU Salesiana de Sarrià"(Barcelona),UAB,6 330,5 000,5 000,5 000
N/A,N/A,N/A,N/A,N/A,N/A,N/A,31054.0,Enginyeria Electrònica Industrial i Automàtica (Barcelona / Sant Adrià de Besòs),UPC,8 538,5 000,5 000,5 000
N/A,N/A,N/A,N/A,N/A,N/A,N/A,81021.0,Enginyeria Electrònica Industrial i Automàtica (Girona),UdG,6 711,5 000,5 000,5 000
N/A,N/A,N/A,N/A,N/A,N/A,N/A,71038.0,Enginyeria Electrònica Industrial i Automàtica (Tarragona),URV,6 562,5 000,5 000,6 833
N/A,N/A,N/A,N/A,N/A,N/A,N/A,21112.0,Enginyeria Electrònica Industrial i Automàtica / Enginyeria Mecànica "EUSalesiana de Sarrià" (simultaneïtat) (Barcelona),UAB,6 924,5 000,5 000,5 000
N/A,N/A,N/A,N/A,N/A,N/A,N/A,31104.0,Enginyeria Electrònica Industrial i Automàtica / Enginyeria Mecànica / EnginyeriaQuímica / Enginyeria de Recursos Minerals i el seu Reciclatge (agrupació)(Manresa),UPC,7 058,5 000,5 000,5 000
N/A,N/A,N/A,N/A,N/A,N/A,N/A,21127.0,Enginyeria en Energies Renovables i Eficiència Energètica "EU Salesiana deSarrià" (Barcelona),UAB,5 786,5 000,6 810,5 000
N/A,N/A,N/A,N/A,N/A,N/A,N/A,31087.0,Enginyeria en Geoinformació i Geomàtica (Barcelona),UPC,6 698,5 000,5 000,5 000
N/A,N/A,N/A,N/A,N/A,N/A,N/A,41019.0,Enginyeria en Informàtica (Barcelona),UPF,10 232,5 000,5 000,5 000
N/A,N/A,N/A,N/A,N/A,N/A,N/A,21022.0,Enginyeria en Organització Industrial "EU Salesiana de Sarrià" (Barcelona),UAB,6 160,5 000,5 000,5 000
N/A,N/A,N/A,N/A,N/A,N/A,N/A,61060.0,Enginyeria en Organització Industrial i Logística / Enginyeria Química (agrupació)(Igualada),UdL,6 252,5 000,5 000,5 000
N/A,N/A,N/A,N/A,N/A,N/A,N/A,41018.0,Enginyeria en Sistemes Audiovisuals (Barcelona),UPF,8 036,5 000,5 000,5 000
N/A,N/A,N/A,N/A,N/A,N/A,N/A,31049.0,Enginyeria en Sistemes i Tecnologia Naval (Barcelona),UPC,8 550,5 000,6 700,5 000
N/A,N/A,N/A,N/A,N/A,N/A,N/A,31112.0,Enginyeria en Tecnologies Aeroespacials  Grau en + Màster Universitari enEnginyeria Aeronàutica (PARS: Enginyer/a Aeronàutic/a) (Terrassa),UPC,12 858,5 000,5 000,5 000
N/A,N/A,N/A,N/A,N/A,N/A,N/A,81041.0,Enginyeria en Tecnologies Industrials (Girona),UdG,7 442,5 000,5 000,5 000
N/A,N/A,N/A,N/A,N/A,N/A,N/A,31114.0,Enginyeria en Tecnologies Industrials  Grau en + Màster Universitari enEnginyeria Industrial (PARS: Enginyer/a Industrial) (Terrassa),UPC,9 158,5 000,5 000,5 000
N/A,N/A,N/A,N/A,N/A,N/A,N/A,31115.0,Enginyeria en Tecnologies Industrials  Grau en + Màster Universitari enEnginyeria Industrial (PARS: Enginyer/a Industrial) (Barcelona),UPC,10 416,5 000,5 000,5 000
N/A,N/A,N/A,N/A,N/A,N/A,N/A,31031.0,Enginyeria en Vehicles Aeroespacials (Terrassa),UPC,12 574,5 000,5 000,5 000
N/A,N/A,N/A,N/A,N/A,N/A,N/A,31067.0,Enginyeria Física (Barcelona),UPC,12 306,5 000,6 422,5 000
N/A,N/A,N/A,N/A,N/A,N/A,N/A,61014.0,Enginyeria Forestal (Lleida),UdL,5 000,5 000,5 000,5 000
N/A,N/A,N/A,N/A,N/A,N/A,N/A,11018.0,Enginyeria Informàtica (Barcelona),UB,10 108,5 000,5 000,5 000
N/A,N/A,N/A,N/A,N/A,N/A,N/A,31059.0,Enginyeria Informàtica (Barcelona),UPC,10 410,5 000,5 000,5 000
N/A,N/A,N/A,N/A,N/A,N/A,N/A,21071.0,Enginyeria Informàtica (Cerdanyola del Vallès),UAB,9 572,5 000,5 000,5 000
N/A,N/A,N/A,N/A,N/A,N/A,N/A,81042.0,Enginyeria Informàtica (Girona),UdG,8 350,5 000,5 000,5 000
N/A,N/A,N/A,N/A,N/A,N/A,N/A,61074.0,Enginyeria Informàtica (Igualada),UdL,7 644,5 000,5 000,5 000
N/A,N/A,N/A,N/A,N/A,N/A,N/A,61015.0,Enginyeria Informàtica (Lleida),UdL,7 973,5 000,5 000,5 833
N/A,N/A,N/A,N/A,N/A,N/A,N/A,71039.0,Enginyeria Informàtica (Tarragona),URV,8 056,5 000,5 000,5 000
N/A,N/A,N/A,N/A,N/A,N/A,N/A,31037.0,Enginyeria Informàtica (Vilanova i la Geltrú),UPC,9 075,5 000,5 000,5 000
N/A,N/A,N/A,N/A,N/A,N/A,N/A,31116.0,Enginyeria Informàtica  Grau en + Màster Universitari en Enginyeria Informàtica(PARS: Enginyer/a Informàtic/a) (Barcelona),UPC,11 838,6 063,5 000,5 000
N/A,N/A,N/A,N/A,N/A,N/A,N/A,61076.0,Enginyeria Informàtica  Grau en + Màster Universitari en Enginyeria Informàtica(PARS: Enginyer/a Informàtic/a) (Lleida),UdL,7 755,5 000,5 000,5 000
N/A,N/A,N/A,N/A,N/A,N/A,N/A,11016.0,Enginyeria Informàtica / Matemàtiques (simultaneïtat) (Barcelona),UB,12 728,7 688,6 323,5 000
N/A,N/A,N/A,N/A,N/A,N/A,N/A,41047.0,Enginyeria Informàtica de Gestió i Sistemes d'Informació "Tecnocampus"(Mataró),UPF,6 796,5 000,5 000,5 000
N/A,N/A,N/A,N/A,N/A,N/A,N/A,41056.0,Enginyeria Matemàtica en Ciència de Dades (Barcelona),UPF,11 526,5 000,5 000,5 000
N/A,N/A,N/A,N/A,N/A,N/A,N/A,71081.0,Enginyeria Matemàtica i Física (Tarragona),URV,11 686,5 000,5 000,5 000
N/A,N/A,N/A,N/A,N/A,N/A,N/A,21026.0,Enginyeria Mecànica "EU Salesiana de Sarrià" (Barcelona),UAB,6 946,5 000,5 000,5 000
N/A,N/A,N/A,N/A,N/A,N/A,N/A,31027.0,Enginyeria Mecànica (Barcelona / Sant Adrià de Besòs),UPC,9 376,5 000,5 000,5 000
N/A,N/A,N/A,N/A,N/A,N/A,N/A,81022.0,Enginyeria Mecànica (Girona),UdG,7 507,5 000,5 000,5 000
N/A,N/A,N/A,N/A,N/A,N/A,N/A,71040.0,Enginyeria Mecànica (Tarragona),URV,7 792,5 000,5 000,5 000
N/A,N/A,N/A,N/A,N/A,N/A,N/A,91011.0,Enginyeria Mecatrònica (Vic),UVic-UCC,5 000,5 938,5 850,5 000
N/A,N/A,N/A,N/A,N/A,N/A,N/A,11019.0,Enginyeria Química (Barcelona),UB,10 120,5 000,5 000,5 000
N/A,N/A,N/A,N/A,N/A,N/A,N/A,31055.0,Enginyeria Química (Barcelona / Sant Adrià de Besòs),UPC,9 042,5 000,5 000,5 000
N/A,N/A,N/A,N/A,N/A,N/A,N/A,21090.0,Enginyeria Química (Cerdanyola del Vallès),UAB,8 874,5 000,5 000,5 000
N/A,N/A,N/A,N/A,N/A,N/A,N/A,81023.0,Enginyeria Química (Girona),UdG,7 926,5 000,5 000,5 000
N/A,N/A,N/A,N/A,N/A,N/A,N/A,71041.0,Enginyeria Química (Tarragona),URV,8 408,5 000,5 000,6 833
N/A,N/A,N/A,N/A,N/A,N/A,N/A,71013.0,Enologia (Tarragona),URV,5 000,5 000,5 000,5 000
N/A,N/A,N/A,N/A,N/A,N/A,N/A,91902.0,Estadística (Barcelona),UB / UPC,10 550,5 000,7 300,5 000
N/A,N/A,N/A,N/A,N/A,N/A,N/A,21128.0,Estadística Aplicada (Cerdanyola del Vallès),UAB,9 947,5 688,8 510,5 000
N/A,N/A,N/A,N/A,N/A,N/A,N/A,21129.0,Estadística Aplicada / Sociologia (simultaneïtat) (Cerdanyola del Vallès),UAB,8 824,5 000,5 000,5 000
N/A,N/A,N/A,N/A,N/A,N/A,N/A,11021.0,Estudis Anglesos (docència en Anglès) (Barcelona),UB,6 078,5 000,5 000,5 000
N/A,N/A,N/A,N/A,N/A,N/A,N/A,21135.0,Estudis Anglesos (Cerdanyola del Vallès),UAB,6 093,5 000,5 000,5 000
N/A,N/A,N/A,N/A,N/A,N/A,N/A,61054.0,Estudis Anglesos (Lleida),UdL,5 000,5 000,5 000,5 000
N/A,N/A,N/A,N/A,N/A,N/A,N/A,61051.0,Estudis Anglesos / Llengües Aplicades i Traducció (simultaneïtat) (Lleida),UdL,5 000,5 000,6 400,5 000
N/A,N/A,N/A,N/A,N/A,N/A,N/A,11094.0,Estudis Àrabs i Hebreus (Barcelona),UB,5 000,5 000,6 400,5 000
N/A,N/A,N/A,N/A,N/A,N/A,N/A,21140.0,Estudis d'Anglès i Català (Cerdanyola del Vallès),UAB,5 000,5 000,5 000,5 000
N/A,N/A,N/A,N/A,N/A,N/A,N/A,21141.0,Estudis d'Anglès i de Clàssiques (Cerdanyola del Vallès),UAB,5 000,5 000,5 000,5 000
N/A,N/A,N/A,N/A,N/A,N/A,N/A,21142.0,Estudis d'Anglès i Espanyol (Cerdanyola del Vallès),UAB,5 882,5 000,5 000,5 000
N/A,N/A,N/A,N/A,N/A,N/A,N/A,21143.0,Estudis d'Anglès i Francès (Cerdanyola del Vallès),UAB,5 000,5 000,5 000,5 000
N/A,N/A,N/A,N/A,N/A,N/A,N/A,21030.0,Estudis d'Àsia Oriental -Japonès- (Cerdanyola del Vallès),UAB,7 170,8 000,6 990,6 833
N/A,N/A,N/A,N/A,N/A,N/A,N/A,21067.0,Estudis d'Àsia Oriental -Xinès- (Cerdanyola del Vallès),UAB,6 682,8 563,5 000,5 000
N/A,N/A,N/A,N/A,N/A,N/A,N/A,21144.0,Estudis de Català i Espanyol (Cerdanyola del Vallès),UAB,5 000,5 000,8 600,5 000
N/A,N/A,N/A,N/A,N/A,N/A,N/A,21133.0,Estudis d'Espanyol i Xinès: Llengua  Literatura i Cultura (Cerdanyola del Vallès),UAB,5 000,5 000,5 000,5 000
N/A,N/A,N/A,N/A,N/A,N/A,N/A,41065.0,Estudis Globals (Barcelona),UPF,11 358,5 000,5 000,5 000
N/A,N/A,N/A,N/A,N/A,N/A,N/A,41066.0,Estudis Globals (Només per a estudiants amb uns estudis de batxillerat oequivalent que NO pertanyin a sistemes educatius de la Unió Europea ni d'altresestats amb acords de reciprocitats) (Barcelona),UPF,5 000,N/A,N/A,N/A
N/A,N/A,N/A,N/A,N/A,N/A,N/A,81084.0,Estudis Globals / Global Studies (docència en Anglès) (Girona),UdG,7 154,5 000,5 000,5 000
N/A,N/A,N/A,N/A,N/A,N/A,N/A,91062.0,Estudis Globals / Global Studies (docència en Anglès) (Vic),UVic-UCC,5 000,5 000,5 000,5 000
N/A,N/A,N/A,N/A,N/A,N/A,N/A,81085.0,Estudis Globals / Global Studies (docència en Anglès) / Turisme (simultaneïtat)(Girona),UdG,5 000,5 000,5 000,5 000
N/A,N/A,N/A,N/A,N/A,N/A,N/A,41022.0,Estudis Internacionals d'Economia i Empresa - International Business Economics(docència en Anglès) (Barcelona),UPF,12 544,5 000,5 000,5 000
N/A,N/A,N/A,N/A,N/A,N/A,N/A,21148.0,Estudis Socioculturals de Gènere (Cerdanyola del Vallès),UAB,5 000,5 000,5 000,6 500
N/A,N/A,N/A,N/A,N/A,N/A,N/A,11023.0,Estudis Literaris (Barcelona),UB,7 300,5 000,7 800,9 000
N/A,N/A,N/A,N/A,N/A,N/A,N/A,11024.0,Farmàcia (Barcelona),UB,11 216,5 000,7 150,5 000
N/A,N/A,N/A,N/A,N/A,N/A,N/A,11075.0,Farmàcia / Nutrició Humana i Dietètica (simultaneïtat) (Barcelona / Santa Colomade Gramenet),UB,11 780,7 813,6 850,5 000
N/A,N/A,N/A,N/A,N/A,N/A,N/A,11025.0,Filologia Catalana (Barcelona),UB,5 000,5 000,5 000,5 000
N/A,N/A,N/A,N/A,N/A,N/A,N/A,81070.0,Filologia Catalana (Girona),UdG,5 000,5 000,5 000,5 000
N/A,N/A,N/A,N/A,N/A,N/A,N/A,21134.0,Filologia Catalana: Estudis de Literatura i Lingüística (Cerdanyola del Vallès),UAB,5 000,5 000,5 000,5 000
N/A,N/A,N/A,N/A,N/A,N/A,N/A,61055.0,Filologia Catalana i Estudis Occitans (Lleida),UdL,5 000,5 000,5 000,5 000
N/A,N/A,N/A,N/A,N/A,N/A,N/A,81080.0,Filologia Catalana / Filologia Hispànica (simultaneïtat) (Girona),UdG,5 000,5 000,5 000,5 000
N/A,N/A,N/A,N/A,N/A,N/A,N/A,61058.0,Filologia Catalana i Estudis Occitans / Llengües Aplicades i Traducció(simultaneïtat) (Lleida),UdL,5 000,5 000,5 000,5 000
N/A,N/A,N/A,N/A,N/A,N/A,N/A,11026.0,Filologia Clàssica (Barcelona),UB,5 000,5 000,5 000,5 000
N/A,N/A,N/A,N/A,N/A,N/A,N/A,11027.0,Filologia Hispànica (Barcelona),UB,5 000,5 000,5 000,6 333
N/A,N/A,N/A,N/A,N/A,N/A,N/A,81071.0,Filologia Hispànica (Girona),UdG,5 000,5 000,5 000,5 000
N/A,N/A,N/A,N/A,N/A,N/A,N/A,61079.0,Filologia Hispànica (Lleida),UdL,5 000,5 000,5 000,5 000
N/A,N/A,N/A,N/A,N/A,N/A,N/A,61080.0,Filologia Hispànica / Llengües Aplicades i Traducció (simultaneïtat) (Lleida),UdL,5 000,5 000,5 000,5 000
N/A,N/A,N/A,N/A,N/A,N/A,N/A,11061.0,Filosofia (Barcelona),UB,5 000,5 000,6 940,7 500
N/A,N/A,N/A,N/A,N/A,N/A,N/A,21032.0,Filosofia (Cerdanyola del Vallès),UAB,5 000,5 000,5 000,5 000
N/A,N/A,N/A,N/A,N/A,N/A,N/A,81072.0,Filosofia (Girona),UdG,5 000,5 000,5 000,5 000
N/A,N/A,N/A,N/A,N/A,N/A,N/A,41042.0,Filosofia  Política i Economia (Cerdanyola del Vallès / Barcelona),UPF / UAB,12 260,5 000,9 700,5 000
N/A,N/A,N/A,N/A,N/A,N/A,N/A,71014.0,Finances i Comptabilitat (Reus),URV,6 196,5 000,5 000,5 000
N/A,N/A,N/A,N/A,N/A,N/A,N/A,11030.0,Física (Barcelona),UB,11 716,5 000,7 000,5 000
N/A,N/A,N/A,N/A,N/A,N/A,N/A,21001.0,Física (Cerdanyola del Vallès),UAB,11 770,5 000,6 530,5 000
N/A,N/A,N/A,N/A,N/A,N/A,N/A,11020.0,Física / Matemàtiques (simultaneïtat) (Barcelona),UB,13 192,5 500,8 380,5 000
N/A,N/A,N/A,N/A,N/A,N/A,N/A,21005.0,Física / Matemàtiques (simultaneïtat) (Cerdanyola del Vallès),UAB,13 438,7 938,6 950,5 000
N/A,N/A,N/A,N/A,N/A,N/A,N/A,21100.0,Física / Química (simultaneïtat) (Cerdanyola del Vallès),UAB,11 620,5 000,6 350,5 000
N/A,N/A,N/A,N/A,N/A,N/A,N/A,21095.0,Fisioteràpia (Cerdanyola del Vallès),UAB,10 620,7 000,8 220,7 000
N/A,N/A,N/A,N/A,N/A,N/A,N/A,61019.0,Fisioteràpia (Lleida),UdL,10 117,6 438,8 940,5 000
N/A,N/A,N/A,N/A,N/A,N/A,N/A,41055.0,Fisioteràpia "Tecnocampus" (Mataró),UPF,8 240,5 000,7 473,5 000
N/A,N/A,N/A,N/A,N/A,N/A,N/A,91041.0,Fisioteràpia (Campus Manresa) (Manresa),UVic-UCC,7 631,5 000,7 480,5 000
N/A,N/A,N/A,N/A,N/A,N/A,N/A,71043.0,Fisioteràpia (Reus),URV,9 425,5 594,8 277,5 333
N/A,N/A,N/A,N/A,N/A,N/A,N/A,91918.0,Fisioteràpia (docència en Anglès) (només per a estudiants espanyols oestrangers amb residència) (L'Hospitalet de Llobregat),UdG / UB,6 516,5 000,8 680,5 000
N/A,N/A,N/A,N/A,N/A,N/A,N/A,91919.0,Fisioteràpia (docència en Anglès) (només per a estudiants sense nacionalitatespanyola ni residència a l'Estat Espanyol) (L'Hospitalet de Llobregat),UdG / UB,7 445,5 000,5 000,5 000
N/A,N/A,N/A,N/A,N/A,N/A,N/A,81087.0,Fisioteràpia "EUSES" (Salt),UdG,7 787,5 000,7 351,5 000
N/A,N/A,N/A,N/A,N/A,N/A,N/A,21033.0,Fisioteràpia "Gimbernat" (Sant Cugat del Vallès),UAB,6 750,5 000,5 000,5 000
N/A,N/A,N/A,N/A,N/A,N/A,N/A,71048.0,Fisioteràpia (Tortosa),URV,7 089,5 000,5 000,5 000
N/A,N/A,N/A,N/A,N/A,N/A,N/A,91012.0,Fisioteràpia (Vic),UVic-UCC,7 689,5 000,7 359,5 000
N/A,N/A,N/A,N/A,N/A,N/A,N/A,61044.0,Fisioteràpia / Infermeria (simultaneïtat) (Lleida),UdL,11 797,5 000,8 158,5 000
N/A,N/A,N/A,N/A,N/A,N/A,N/A,61057.0,Fisioteràpia / Nutrició Humana i Dietètica (simultaneïtat) (Igualada),UdL,10 480,6 813,7 730,5 000
N/A,N/A,N/A,N/A,N/A,N/A,N/A,21035.0,Genètica (Cerdanyola del Vallès),UAB,11 740,5 000,6 210,6 833
N/A,N/A,N/A,N/A,N/A,N/A,N/A,61026.0,Geografia (Lleida),UdL,5 000,5 000,5 000,5 000
N/A,N/A,N/A,N/A,N/A,N/A,N/A,11108.0,Geografia i Canvi Global (Barcelona),UB,5 146,5 125,5 000,5 000
N/A,N/A,N/A,N/A,N/A,N/A,N/A,71015.0,Geografia  Anàlisi Territorial i Sostenibilitat (Vila-Seca),URV,5 000,5 000,5 000,5 000
N/A,N/A,N/A,N/A,N/A,N/A,N/A,21124.0,Geografia  Medi Ambient i Planificació Territorial (Cerdanyola del Vallès),UAB,5 480,5 000,5 000,6 500
N/A,N/A,N/A,N/A,N/A,N/A,N/A,81073.0,Geografia  Territori i Medi Ambient (Girona),UdG,5 000,5 000,5 000,5 000
N/A,N/A,N/A,N/A,N/A,N/A,N/A,11032.0,Geologia (Barcelona),UB,5 000,6 063,5 000,5 000
N/A,N/A,N/A,N/A,N/A,N/A,N/A,21037.0,Geologia (Cerdanyola del Vallès),UAB,6 553,5 000,5 000,5 000
N/A,N/A,N/A,N/A,N/A,N/A,N/A,21038.0,Gestió Aeronàutica (Sabadell),UAB,8 124,5 000,5 000,5 000
N/A,N/A,N/A,N/A,N/A,N/A,N/A,21149.0,Gestió de Ciutats Intel·ligents i Sostenibles (Cerdanyola del Vallès),UAB,6 798,5 000,5 000,5 000
N/A,N/A,N/A,N/A,N/A,N/A,N/A,11091.0,Gestió d'Informació i Documentació Digital (Barcelona),UB,6 760,5 000,8 350,5 000
N/A,N/A,N/A,N/A,N/A,N/A,N/A,91060.0,Gestió de la Societat Digital (Campus Manresa) (Manresa),UVic-UCC,5 000,5 000,5 000,5 000
N/A,N/A,N/A,N/A,N/A,N/A,N/A,71068.0,Gestió en Turisme i Hoteleria (Vila-Seca),URV,5 000,5 000,5 000,5 000
N/A,N/A,N/A,N/A,N/A,N/A,N/A,11052.0,Gestió i Administració Pública (Barcelona),UB,7 600,5 000,7 130,5 000
N/A,N/A,N/A,N/A,N/A,N/A,N/A,41064.0,Grau Obert  Programa de (agrupació) (Barcelona),UPF,10 686,5 000,7 440,5 000
N/A,N/A,N/A,N/A,N/A,N/A,N/A,11035.0,Història (Barcelona),UB,5 000,5 000,5 000,5 500
N/A,N/A,N/A,N/A,N/A,N/A,N/A,21040.0,Història (Cerdanyola del Vallès),UAB,5 000,5 000,5 000,5 000
N/A,N/A,N/A,N/A,N/A,N/A,N/A,81074.0,Història (Girona),UdG,5 000,5 313,5 000,5 000
N/A,N/A,N/A,N/A,N/A,N/A,N/A,61028.0,Història (Lleida),UdL,5 000,5 000,5 000,6 000
N/A,N/A,N/A,N/A,N/A,N/A,N/A,71077.0,Història (Tarragona),URV,5 178,5 000,5 000,6 167
N/A,N/A,N/A,N/A,N/A,N/A,N/A,11104.0,Història / Història de l'Art (simultaneïtat) (Barcelona),UB,8 812,6 000,5 000,5 667
N/A,N/A,N/A,N/A,N/A,N/A,N/A,81078.0,Història / Història de l'Art (simultaneïtat) (Girona),UdG,7 952,5 000,5 000,5 000
N/A,N/A,N/A,N/A,N/A,N/A,N/A,11034.0,Història de l'Art (Barcelona),UB,5 000,5 000,5 000,5 000
N/A,N/A,N/A,N/A,N/A,N/A,N/A,21039.0,Història de l'Art (Cerdanyola del Vallès),UAB,5 000,5 000,5 000,5 667
N/A,N/A,N/A,N/A,N/A,N/A,N/A,81075.0,Història de l'Art (Girona),UdG,5 000,5 000,5 000,5 000
N/A,N/A,N/A,N/A,N/A,N/A,N/A,71078.0,Història de l'Art i Arqueologia (Tarragona),URV,5 000,6 500,5 000,5 500
N/A,N/A,N/A,N/A,N/A,N/A,N/A,61081.0,Història de l'Art i Gestió del Patrimoni Artístic (Lleida),UdL,5 000,5 000,5 000,5 000
N/A,N/A,N/A,N/A,N/A,N/A,N/A,21138.0,Història  Política i Economia Contemporànies (Cerdanyola del Vallès),UAB,8 873,5 000,5 000,5 000
N/A,N/A,N/A,N/A,N/A,N/A,N/A,41003.0,Humanitats (Barcelona),UPF,5 000,5 000,5 000,5 000
N/A,N/A,N/A,N/A,N/A,N/A,N/A,21101.0,Humanitats (Cerdanyola del Vallès),UAB,5 000,5 000,5 000,5 000
N/A,N/A,N/A,N/A,N/A,N/A,N/A,11081.0,Infermeria (Campus Clínic) (Barcelona),UB,11 976,7 219,8 400,6 833
N/A,N/A,N/A,N/A,N/A,N/A,N/A,21043.0,Infermeria "Sant Pau" (Barcelona),UAB,10 248,5 938,7 740,5 000
N/A,N/A,N/A,N/A,N/A,N/A,N/A,41021.0,Infermeria "Escola Superior d'Infermeria del Mar" (Barcelona),UPF,9 580,5 750,7 100,5 167
N/A,N/A,N/A,N/A,N/A,N/A,N/A,21044.0,Infermeria (Cerdanyola del Vallès),UAB,10 982,6 125,7 980,6 333
N/A,N/A,N/A,N/A,N/A,N/A,N/A,71032.0,Infermeria (el Vendrell),URV,10 754,5 907,8 100,5 833
N/A,N/A,N/A,N/A,N/A,N/A,N/A,81066.0,Infermeria (Girona),UdG,10 550,6 125,7 790,6 167
N/A,N/A,N/A,N/A,N/A,N/A,N/A,61046.0,Infermeria (Igualada),UdL,10 426,5 250,8 010,8 500
N/A,N/A,N/A,N/A,N/A,N/A,N/A,11037.0,Infermeria (Campus Bellvitge) (L'Hospitalet de Llobregat),UB,11 068,6 719,8 070,5 000
N/A,N/A,N/A,N/A,N/A,N/A,N/A,61029.0,Infermeria (Lleida),UdL,11 146,5 063,8 170,5 000
N/A,N/A,N/A,N/A,N/A,N/A,N/A,91043.0,Infermeria (Campus Manresa) (Manresa),UVic-UCC,8 028,5 563,6 370,5 000
N/A,N/A,N/A,N/A,N/A,N/A,N/A,41031.0,Infermeria "Tecnocampus" (Mataró),UPF,8 680,5 875,6 860,5 000
N/A,N/A,N/A,N/A,N/A,N/A,N/A,11036.0,Infermeria "Sant Joan de Déu" (Esplugues de Llobregat),UB,9 150,5 875,7 510,5 000
N/A,N/A,N/A,N/A,N/A,N/A,N/A,21042.0,Infermeria "Gimbernat" (Sant Cugat del Vallès),UAB,7 847,5 063,6 870,5 000
N/A,N/A,N/A,N/A,N/A,N/A,N/A,71016.0,Infermeria (Tarragona),URV,11 278,6 563,8 560,5 833
N/A,N/A,N/A,N/A,N/A,N/A,N/A,21041.0,Infermeria EUIT de Terrassa (Terrassa),UAB,8 232,5 375,7 180,5 000
N/A,N/A,N/A,N/A,N/A,N/A,N/A,71028.0,Infermeria (Tortosa),URV,10 957,5 375,8 020,5 333
N/A,N/A,N/A,N/A,N/A,N/A,N/A,91013.0,Infermeria (Vic),UVic-UCC,7 930,5 020,6 900,5 000
N/A,N/A,N/A,N/A,N/A,N/A,N/A,71084.0,Infermeria (Vilafranca del Penedès / el Vendrell),URV,10 481,5 938,7 990,6 167
N/A,N/A,N/A,N/A,N/A,N/A,N/A,21046.0,Informàtica i Serveis (Sant Cugat del Vallès),UAB,5 000,5 000,5 000,5 000
N/A,N/A,N/A,N/A,N/A,N/A,N/A,81058.0,Innovació i Seguretat Alimentària (Girona),UdG,5 000,5 000,5 000,5 000
N/A,N/A,N/A,N/A,N/A,N/A,N/A,31106.0,Intel·ligència Artificial (Barcelona),UPC,11 786,5 000,7 730,5 000
N/A,N/A,N/A,N/A,N/A,N/A,N/A,21139.0,Intel·ligència Artificial / Artificial Intelligence (docència en Anglès) (Cerdanyola delVallès),UAB,10 510,5 000,5 000,5 000
N/A,N/A,N/A,N/A,N/A,N/A,N/A,10120.0,Investigació Privada (títol propi  no oficial) (Barcelona),UB,5 000,5 000,5 000,5 000
N/A,N/A,N/A,N/A,N/A,N/A,N/A,11039.0,Lingüística (Barcelona),UB,5 000,5 000,5 000,5 000
N/A,N/A,N/A,N/A,N/A,N/A,N/A,71072.0,Llengua i Literatura Catalanes (Tarragona),URV,5 000,5 000,5 000,7 000
N/A,N/A,N/A,N/A,N/A,N/A,N/A,21136.0,Llengua i Literatura Espanyoles (Cerdanyola del Vallès),UAB,5 000,5 000,5 000,5 000
N/A,N/A,N/A,N/A,N/A,N/A,N/A,71073.0,Llengua i Literatura Hispàniques (Tarragona),URV,5 000,5 000,5 000,5 000
N/A,N/A,N/A,N/A,N/A,N/A,N/A,41023.0,Llengües Aplicades (Barcelona),UPF,5 000,5 000,5 000,5 000
N/A,N/A,N/A,N/A,N/A,N/A,N/A,41054.0,Llengües Aplicades / Traducció i Interpretació -Anglès- (simultaneïtat) (Barcelona),UPF,11 730,9 438,5 000,5 000
N/A,N/A,N/A,N/A,N/A,N/A,N/A,11040.0,Llengües i Literatures Modernes (Barcelona),UB,5 000,5 000,5 000,5 000
N/A,N/A,N/A,N/A,N/A,N/A,N/A,11082.0,Llengües Romàniques i les seves Literatures (Barcelona),UB,5 000,5 000,5 000,5 000
N/A,N/A,N/A,N/A,N/A,N/A,N/A,81064.0,Logística Empresarial "Mediterrani" (Barcelona),UdG,5 000,5 000,5 000,5 000
N/A,N/A,N/A,N/A,N/A,N/A,N/A,41048.0,Logística i Negocis Marítims "Tecnocampus" (Mataró),UPF,6 240,5 000,5 000,5 000
N/A,N/A,N/A,N/A,N/A,N/A,N/A,21048.0,Logopèdia (Cerdanyola del Vallès),UAB,8 918,5 000,7 525,5 000
N/A,N/A,N/A,N/A,N/A,N/A,N/A,71062.0,Màrqueting "ESIC" (Barcelona),URV,5 000,5 000,5 000,5 000
N/A,N/A,N/A,N/A,N/A,N/A,N/A,71074.0,Màrqueting "ESIC" (docència en Anglès) (Barcelona),URV,5 000,5 000,5 000,5 000
N/A,N/A,N/A,N/A,N/A,N/A,N/A,81051.0,Màrqueting "Mediterrani" (Barcelona),UdG,5 000,5 000,5 000,5 000
N/A,N/A,N/A,N/A,N/A,N/A,N/A,61078.0,Màrqueting i Comunicació Digital "Centre Universitari EAE" (Barcelona),UdL,5 000,5 000,5 000,5 000
N/A,N/A,N/A,N/A,N/A,N/A,N/A,91032.0,Màrqueting i Comunicació Empresarial (Vic),UVic-UCC,5 000,5 000,5 000,5 000
N/A,N/A,N/A,N/A,N/A,N/A,N/A,41039.0,Màrqueting i Comunitats Digitals "Tecnocampus" (Mataró),UPF,6 204,5 000,5 000,5 000
N/A,N/A,N/A,N/A,N/A,N/A,N/A,41062.0,Màrqueting i Comunitats Digitals / Turisme i Gestió del Lleure "Tecnocampus"(simultaneïtat) (Mataró),UPF,5 000,5 000,5 000,5 000
N/A,N/A,N/A,N/A,N/A,N/A,N/A,31132.0,Màrqueting  Innovació i Tecnologia "EUNCET" (Campus 22@) (presencial)(Barcelona),UPC,6 570,5 000,5 000,5 000
N/A,N/A,N/A,N/A,N/A,N/A,N/A,31131.0,Màrqueting  Innovació i Tecnologia "EUNCET" (Campus 22@) (semipresencial)(Barcelona),UPC,5 000,5 000,5 000,5 000
N/A,N/A,N/A,N/A,N/A,N/A,N/A,31134.0,Màrqueting  Innovació i Tecnologia "EUNCET" (Campus Terrassa) (presencial)(Terrassa),UPC,5 000,5 000,5 000,5 000
N/A,N/A,N/A,N/A,N/A,N/A,N/A,31133.0,Màrqueting  Innovació i Tecnologia "EUNCET" (Campus Terrassa)(semipresencial) (Terrassa),UPC,5 000,5 000,5 000,5 000
N/A,N/A,N/A,N/A,N/A,N/A,N/A,21122.0,Matemàtica Computacional i Analítica de Dades (Cerdanyola del Vallès),UAB,11 666,5 000,7 730,5 000
N/A,N/A,N/A,N/A,N/A,N/A,N/A,11041.0,Matemàtiques (Barcelona),UB,12 472,7 563,8 410,5 000
N/A,N/A,N/A,N/A,N/A,N/A,N/A,31040.0,Matemàtiques (Barcelona),UPC,12 816,5 000,7 440,5 000
N/A,N/A,N/A,N/A,N/A,N/A,N/A,21003.0,Matemàtiques (Cerdanyola del Vallès),UAB,12 104,5 000,5 000,5 000
N/A,N/A,N/A,N/A,N/A,N/A,N/A,11043.0,Medicina (Campus Clínic) (Barcelona),UB,12 946,6 657,9 570,5 000
N/A,N/A,N/A,N/A,N/A,N/A,N/A,41058.0,Medicina (Barcelona),UPF,12 840,6 313,9 690,5 000
N/A,N/A,N/A,N/A,N/A,N/A,N/A,21079.0,Medicina (Cerdanyola del Vallès),UAB,12 586,5 688,9 320,5 000
N/A,N/A,N/A,N/A,N/A,N/A,N/A,81001.0,Medicina (Girona),UdG,12 553,5 563,9 320,5 000
N/A,N/A,N/A,N/A,N/A,N/A,N/A,11083.0,Medicina (Campus Bellvitge) (L'Hospitalet de Llobregat),UB,12 760,6 563,9 460,5 000
N/A,N/A,N/A,N/A,N/A,N/A,N/A,61030.0,Medicina (Lleida),UdL,12 558,5 313,9 310,5 000
N/A,N/A,N/A,N/A,N/A,N/A,N/A,71019.0,Medicina (Reus),URV,12 696,5 813,9 790,5 000
N/A,N/A,N/A,N/A,N/A,N/A,N/A,91054.0,Medicina (Vic),UVic-UCC,11 984,5 000,9 140,5 000
N/A,N/A,N/A,N/A,N/A,N/A,N/A,21050.0,Microbiologia (Cerdanyola del Vallès),UAB,11 018,5 000,6 800,5 000
N/A,N/A,N/A,N/A,N/A,N/A,N/A,41049.0,Mitjans Audiovisuals "Tecnocampus" (Mataró),UPF,5 000,5 000,5 000,5 000
N/A,N/A,N/A,N/A,N/A,N/A,N/A,81079.0,Moda "ERAM" (Girona / Salt),UdG,5 508,5 000,5 000,5 000
N/A,N/A,N/A,N/A,N/A,N/A,N/A,91029.0,Multimèdia. Aplicacions i Videojocs (Vic),UVic-UCC,5 000,5 000,5 000,5 000
N/A,N/A,N/A,N/A,N/A,N/A,N/A,21051.0,Musicologia (Cerdanyola del Vallès),UAB,7 660,5 000,5 000,6 500
N/A,N/A,N/A,N/A,N/A,N/A,N/A,21150.0,Nanociència i Nanotecnologia (Cerdanyola del Vallès),UAB,10 648,5 000,5 000,5 000
N/A,N/A,N/A,N/A,N/A,N/A,N/A,31045.0,Nàutica i Transport Marítim (Barcelona),UPC,7 909,7 063,8 050,5 000
N/A,N/A,N/A,N/A,N/A,N/A,N/A,11102.0,Negoci Digital i Innovació en Turisme "CETT" (Barcelona),UB,5 000,5 000,5 000,5 000
N/A,N/A,N/A,N/A,N/A,N/A,N/A,11112.0,Negoci Digital i Innovació en Turisme / Turisme "CETT" (simultaneïtat)(Barcelona),UB,5 000,5 000,5 000,5 000
N/A,N/A,N/A,N/A,N/A,N/A,N/A,41024.0,Negocis i Màrqueting Internacionals - Bachelor in International Business andMarketing "ESCI" (Barcelona),UPF,8 704,5 000,5 000,5 000
N/A,N/A,N/A,N/A,N/A,N/A,N/A,41063.0,Negocis i Màrqueting Internacionals - Bachelor in International Business andMarketing "ESCI" (docència en anglès) (Barcelona),UPF,9 466,5 000,5 000,5 000
N/A,N/A,N/A,N/A,N/A,N/A,N/A,61031.0,Nutrició Humana i Dietètica (Lleida),UdL,7 633,5 000,5 000,5 000
N/A,N/A,N/A,N/A,N/A,N/A,N/A,41061.0,Nutrició Humana i Dietètica "Tecnocampus" (Mataró),UPF,5 000,5 000,5 000,5 000
N/A,N/A,N/A,N/A,N/A,N/A,N/A,71044.0,Nutrició Humana i Dietètica (Reus),URV,7 308,5 000,6 980,5 000
N/A,N/A,N/A,N/A,N/A,N/A,N/A,81081.0,Nutrició Humana i Dietètica "EUSES" (Salt),UdG,5 000,5 000,5 830,5 000
N/A,N/A,N/A,N/A,N/A,N/A,N/A,11062.0,Nutrició Humana i Dietètica (Santa Coloma de Gramenet),UB,10 184,5 563,8 300,5 000
N/A,N/A,N/A,N/A,N/A,N/A,N/A,91021.0,Nutrició Humana i Dietètica (Vic),UVic-UCC,5 000,5 000,5 000,5 000
N/A,N/A,N/A,N/A,N/A,N/A,N/A,11044.0,Odontologia (L'Hospitalet de Llobregat),UB,12 496,7 250,9 010,5 000
N/A,N/A,N/A,N/A,N/A,N/A,N/A,91061.0,Odontologia (Campus Medicina  Vic) (Manresa / Vic),UVic-UCC,11 250,5 000,8 512,5 000
N/A,N/A,N/A,N/A,N/A,N/A,N/A,31105.0,Òptica i Optometria (Terrassa),UPC,7 787,5 000,5 000,5 000
N/A,N/A,N/A,N/A,N/A,N/A,N/A,31098.0,Paisatgisme (Barcelona / Castelldefels),UPC,7 334,5 000,7 020,5 000
N/A,N/A,N/A,N/A,N/A,N/A,N/A,11045.0,Pedagogia (Barcelona),UB,8 160,5 000,5 000,5 000
N/A,N/A,N/A,N/A,N/A,N/A,N/A,21052.0,Pedagogia (Cerdanyola del Vallès),UAB,8 942,5 000,5 000,5 000
N/A,N/A,N/A,N/A,N/A,N/A,N/A,81043.0,Pedagogia (Girona),UdG,8 138,5 000,5 000,6 167
N/A,N/A,N/A,N/A,N/A,N/A,N/A,71020.0,Pedagogia (Tarragona),URV,8 062,5 000,7 600,5 000
N/A,N/A,N/A,N/A,N/A,N/A,N/A,41025.0,Periodisme (Barcelona),UPF,10 866,5 000,5 000,5 000
N/A,N/A,N/A,N/A,N/A,N/A,N/A,21096.0,Periodisme (Cerdanyola del Vallès),UAB,9 718,5 000,5 000,5 000
N/A,N/A,N/A,N/A,N/A,N/A,N/A,71021.0,Periodisme (Tarragona),URV,8 822,5 000,5 000,5 000
N/A,N/A,N/A,N/A,N/A,N/A,N/A,91014.0,Periodisme (Vic),UVic-UCC,5 000,5 000,5 000,5 000
N/A,N/A,N/A,N/A,N/A,N/A,N/A,71045.0,Pilot d'Aviació Comercial i Operacions Aèries (Reus),URV,5 721,5 000,5 000,5 000
N/A,N/A,N/A,N/A,N/A,N/A,N/A,11046.0,Podologia (L'Hospitalet de Llobregat),UB,8 513,5 344,8 280,8 000
N/A,N/A,N/A,N/A,N/A,N/A,N/A,91045.0,Podologia (Campus Manresa) (Manresa),UVic-UCC,5 000,5 000,5 000,5 000
N/A,N/A,N/A,N/A,N/A,N/A,N/A,21054.0,Prevenció i Seguretat Integral (Cerdanyola del Vallès),UAB,5 000,5 000,5 000,5 000
N/A,N/A,N/A,N/A,N/A,N/A,N/A,21113.0,Prevenció i Seguretat Integral (en xarxa) (Cerdanyola del Vallès),UAB,5 000,5 000,5 000,5 000
N/A,N/A,N/A,N/A,N/A,N/A,N/A,11111.0,Producció de Música i So per a la Indústria de l'Entreteniment "ENTI" (Barcelona),UB,5 142,5 000,5 000,5 000
N/A,N/A,N/A,N/A,N/A,N/A,N/A,11047.0,Psicologia (Barcelona),UB,10 064,5 938,7 990,6 000
N/A,N/A,N/A,N/A,N/A,N/A,N/A,21081.0,Psicologia (Cerdanyola del Vallès),UAB,9 887,5 250,7 400,6 333
N/A,N/A,N/A,N/A,N/A,N/A,N/A,81033.0,Psicologia (Girona),UdG,9 785,5 000,7 370,7 667
N/A,N/A,N/A,N/A,N/A,N/A,N/A,61020.0,Psicologia (Lleida),UdL,9 770,5 000,7 200,6 833
N/A,N/A,N/A,N/A,N/A,N/A,N/A,71022.0,Psicologia (Tarragona),URV,9 576,5 563,7 300,7 500
N/A,N/A,N/A,N/A,N/A,N/A,N/A,91022.0,Psicologia (Vic),UVic-UCC,7 979,5 000,5 000,5 000
N/A,N/A,N/A,N/A,N/A,N/A,N/A,41004.0,Publicitat i Relacions Públiques (Barcelona),UPF,11 848,5 000,5 000,5 000
N/A,N/A,N/A,N/A,N/A,N/A,N/A,21097.0,Publicitat i Relacions Públiques (Cerdanyola del Vallès),UAB,11 129,5 000,5 000,5 000
N/A,N/A,N/A,N/A,N/A,N/A,N/A,81002.0,Publicitat i Relacions Públiques (Girona),UdG,9 916,5 000,5 000,5 000
N/A,N/A,N/A,N/A,N/A,N/A,N/A,71023.0,Publicitat i Relacions Públiques (Tarragona),URV,10 166,5 000,8 030,5 000
N/A,N/A,N/A,N/A,N/A,N/A,N/A,91015.0,Publicitat i Relacions Públiques (Vic),UVic-UCC,5 000,5 000,5 000,5 000
N/A,N/A,N/A,N/A,N/A,N/A,N/A,11093.0,Publicitat  Relacions Públiques i Màrqueting "ESRP" (Barcelona),UB,8 717,5 000,5 000,5 000
N/A,N/A,N/A,N/A,N/A,N/A,N/A,11049.0,Química (Barcelona),UB,9 673,5 000,5 000,5 000
N/A,N/A,N/A,N/A,N/A,N/A,N/A,21082.0,Química (Cerdanyola del Vallès),UAB,9 396,5 000,5 000,5 000
N/A,N/A,N/A,N/A,N/A,N/A,N/A,81034.0,Química (Girona),UdG,8 326,5 000,5 000,5 000
N/A,N/A,N/A,N/A,N/A,N/A,N/A,71024.0,Química (Tarragona),URV,8 722,5 000,5 000,5 000
N/A,N/A,N/A,N/A,N/A,N/A,N/A,71066.0,Química (docència en Anglès) (Tarragona),URV,7 859,5 000,5 000,5 000
N/A,N/A,N/A,N/A,N/A,N/A,N/A,21123.0,Relacions Internacionals (Cerdanyola del Vallès),UAB,11 592,6 875,6 770,5 000
N/A,N/A,N/A,N/A,N/A,N/A,N/A,11050.0,Relacions Laborals (Barcelona),UB,8 004,5 000,5 000,5 000
N/A,N/A,N/A,N/A,N/A,N/A,N/A,41026.0,Relacions Laborals (Barcelona),UPF,7 526,5 000,5 000,5 000
N/A,N/A,N/A,N/A,N/A,N/A,N/A,21055.0,Relacions Laborals (Cerdanyola del Vallès),UAB,8 076,5 000,5 000,5 000
N/A,N/A,N/A,N/A,N/A,N/A,N/A,61033.0,Relacions Laborals i Recursos Humans (Lleida),UdL,5 000,5 000,5 000,5 833
N/A,N/A,N/A,N/A,N/A,N/A,N/A,71082.0,Relacions Laborals i Recursos Humans (Tarragona),URV,7 322,5 000,5 000,5 000
N/A,N/A,N/A,N/A,N/A,N/A,N/A,11076.0,Seguretat (Mollet del Vallès),UB,9 080,6 250,5 000,6 167
N/A,N/A,N/A,N/A,N/A,N/A,N/A,11063.0,Sociologia (Barcelona),UB,7 156,5 000,5 000,5 000
N/A,N/A,N/A,N/A,N/A,N/A,N/A,21056.0,Sociologia (Cerdanyola del Vallès),UAB,6 934,5 000,5 000,5 000
N/A,N/A,N/A,N/A,N/A,N/A,N/A,91915.0,Tecnologies Industrials amb Anàlisi Econòmica  Grau en + Màster Universitari enEnginyeria Industrial (PARS: Enginyer/a Industrial amb Anàlisi Econòmica)(docència en Anglès) (Barcelona),UPC / UPF,12 250,5 000,5 000,5 000
N/A,N/A,N/A,N/A,N/A,N/A,N/A,31038.0,Tecnologies Marines (Barcelona),UPC,6 936,5 000,6 820,5 000
N/A,N/A,N/A,N/A,N/A,N/A,N/A,21057.0,Teràpia Ocupacional EUIT de Terrassa (Terrassa),UAB,5 000,5 000,5 000,5 000
N/A,N/A,N/A,N/A,N/A,N/A,N/A,91016.0,Teràpia Ocupacional (presencial / semipresencial) (Vic),UVic-UCC,5 000,5 000,5 000,6 000
N/A,N/A,N/A,N/A,N/A,N/A,N/A,21058.0,Traducció i Interpretació -Alemany- (Cerdanyola del Vallès),UAB,5 000,5 375,5 000,5 000
N/A,N/A,N/A,N/A,N/A,N/A,N/A,41040.0,Traducció i Interpretació -Alemany / Francès / Llengua de Signes Catalana-(Barcelona),UPF,5 000,5 000,5 000,5 000
N/A,N/A,N/A,N/A,N/A,N/A,N/A,41006.0,Traducció i Interpretació -Anglès- (Barcelona),UPF,5 000,5 000,5 000,5 000
N/A,N/A,N/A,N/A,N/A,N/A,N/A,21064.0,Traducció i Interpretació -Anglès- (Cerdanyola del Vallès),UAB,6 242,5 000,5 000,5 000
N/A,N/A,N/A,N/A,N/A,N/A,N/A,21065.0,Traducció i Interpretació -Francès- (Cerdanyola del Vallès),UAB,5 000,6 813,5 000,5 000
N/A,N/A,N/A,N/A,N/A,N/A,N/A,11051.0,Treball Social (Barcelona),UB,7 787,5 000,7 380,5 000
N/A,N/A,N/A,N/A,N/A,N/A,N/A,81044.0,Treball Social (Girona),UdG,7 362,5 000,5 000,7 333
N/A,N/A,N/A,N/A,N/A,N/A,N/A,61034.0,Treball Social (Lleida),UdL,6 776,5 000,5 000,5 000
N/A,N/A,N/A,N/A,N/A,N/A,N/A,71026.0,Treball Social (Tarragona),URV,6 776,5 000,5 000,7 500
N/A,N/A,N/A,N/A,N/A,N/A,N/A,11011.0,Turisme "CETT" (Barcelona),UB,5 000,5 000,5 000,5 000
N/A,N/A,N/A,N/A,N/A,N/A,N/A,11086.0,Turisme "CETT" (docència en Anglès) (Barcelona),UB,5 000,5 000,5 000,5 000
N/A,N/A,N/A,N/A,N/A,N/A,N/A,81036.0,Turisme "Euroaula" (Barcelona),UdG,5 000,5 000,5 000,5 000
N/A,N/A,N/A,N/A,N/A,N/A,N/A,81038.0,Turisme "Mediterrani" (Barcelona),UdG,5 000,5 000,5 000,5 000
N/A,N/A,N/A,N/A,N/A,N/A,N/A,21059.0,Turisme (Cerdanyola del Vallès),UAB,5 000,5 000,5 000,5 000
N/A,N/A,N/A,N/A,N/A,N/A,N/A,21114.0,Turisme (docència en Anglès) (Cerdanyola del Vallès),UAB,5 000,5 000,5 000,5 000
N/A,N/A,N/A,N/A,N/A,N/A,N/A,81039.0,Turisme (Girona),UdG,5 000,5 000,5 000,5 000
N/A,N/A,N/A,N/A,N/A,N/A,N/A,61021.0,Turisme (Lleida),UdL,5 000,5 000,5 000,5 000
N/A,N/A,N/A,N/A,N/A,N/A,N/A,81076.0,Turisme / Geografia  Territori i Medi Ambient (simultaneïtat) (Girona),UdG,5 000,5 000,5 000,5 000
N/A,N/A,N/A,N/A,N/A,N/A,N/A,81062.0,Turisme / Màrqueting "Mediterrani" (simultaneïtat) (Barcelona),UdG,5 000,5 000,5 000,5 000
N/A,N/A,N/A,N/A,N/A,N/A,N/A,81077.0,Turisme / Publicitat i Relacions Públiques (simultaneïtat) (Girona),UdG,9 660,5 000,5 000,5 000
N/A,N/A,N/A,N/A,N/A,N/A,N/A,21083.0,Veterinària (Cerdanyola del Vallès),UAB,11 930,7 563,8 640,5 000
