Unnamed: 0,Centres d'estudi,Unnamed: 1,Unnamed: 2,Unnamed: 3,Unnamed: 4,Unnamed: 5,Unnamed: 6,Unnamed: 7,Unnamed: 8,Codi,Nom del centre d'estudi,Universitat,Població,Tipusde centre,Placesorientatives,Preuorientatiu,Observacions
N/A,Codi,Nom del centre d'estudi,Universitat,Població,Tipusde centre,Placesorientatives,Preuorientatiu,Observacions,N/A,N/A,N/A,N/A,N/A,N/A,N/A,N/A,N/A
N/A,41029,"Administració d'Empreses i Gestió de la Innovació ""Tecnocampus""",UPF,Mataró,U. Públ. CA,70,5.990 €,17,N/A,N/A,N/A,N/A,N/A,N/A,N/A,N/A,N/A
N/A,41036,"Administració d'Empreses i Gestió de la Innovació ""Tecnocampus"" (docènciaen Anglès)",UPF,Mataró,U. Públ. CA,35,6.405 €,17,N/A,N/A,N/A,N/A,N/A,N/A,N/A,N/A,N/A
N/A,41041,"Administració d'Empreses i Gestió de la Innovació / Màrqueting i ComunitatsDigitals ""Tecnocampus"" (simultaneïtat)",UPF,Mataró,U. Públ. CA,60,6.170 €,04-17,N/A,N/A,N/A,N/A,N/A,N/A,N/A,N/A,N/A
N/A,41035,"Administració d'Empreses i Gestió de la Innovació / Turisme i Gestió delLleure ""Tecnocampus"" (simultaneïtat)",UPF,Mataró,U. Públ. CA,40,6.210 €,04-17,N/A,N/A,N/A,N/A,N/A,N/A,N/A,N/A,N/A
N/A,11033,Administració i Direcció d'Empreses,UB,Barcelona,U. Públ.,780,N/A,16,N/A,N/A,N/A,N/A,N/A,N/A,N/A,N/A,N/A
N/A,41008,Administració i Direcció d'Empreses,UPF,Barcelona,U. Públ.,170,N/A,21,N/A,N/A,N/A,N/A,N/A,N/A,N/A,N/A,N/A
N/A,71063,"Administració i Direcció d'Empreses ""IGEMA""",URV,Barcelona,U. Públ. CA,80,7.050 €,17,N/A,N/A,N/A,N/A,N/A,N/A,N/A,N/A,N/A
N/A,21014,Administració i Direcció d'Empreses,UAB,Cerdanyola del Vallès,U. Públ.,160,N/A,16,N/A,N/A,N/A,N/A,N/A,N/A,N/A,N/A,N/A
N/A,21099,Administració i Direcció d'Empreses (docència en Anglès),UAB,Cerdanyola del Vallès,U. Públ.,70,N/A,16,N/A,N/A,N/A,N/A,N/A,N/A,N/A,N/A,N/A
N/A,81003,Administració i Direcció d'Empreses,UdG,Girona,U. Públ.,100,N/A,16,N/A,N/A,N/A,N/A,N/A,N/A,N/A,N/A,N/A
N/A,61069,Administració i Direcció d'Empreses,UdL,Igualada,U. Públ.,40,N/A,16,N/A,N/A,N/A,N/A,N/A,N/A,N/A,N/A,N/A
N/A,61003,Administració i Direcció d'Empreses,UdL,Lleida,U. Públ.,120,N/A,16,N/A,N/A,N/A,N/A,N/A,N/A,N/A,N/A,N/A
N/A,91042,Administració i Direcció d'Empreses (Campus Manresa),UVic-UCC,Manresa,U. Priv.,50,5.500 €,N/A,N/A,N/A,N/A,N/A,N/A,N/A,N/A,N/A,N/A
N/A,71002,Administració i Direcció d'Empreses,URV,Reus,U. Públ.,140,N/A,16,N/A,N/A,N/A,N/A,N/A,N/A,N/A,N/A,N/A
N/A,71004,Administració i Direcció d'Empreses,URV,Tortosa,U. Públ.,45,N/A,16,N/A,N/A,N/A,N/A,N/A,N/A,N/A,N/A,N/A
N/A,91003,Administració i Direcció d'Empreses,UVic-UCC,Vic,U. Priv.,60,5.473 €,N/A,N/A,N/A,N/A,N/A,N/A,N/A,N/A,N/A,N/A
N/A,41034,Administració i Direcció d'Empreses - Economia / Dret (agrupació desimultaneïtat),UPF,Barcelona,U. Públ.,90,N/A,12-21,N/A,N/A,N/A,N/A,N/A,N/A,N/A,N/A,N/A
N/A,11064,Administració i Direcció d'Empreses / Dret (simultaneïtat),UB,Barcelona,U. Públ.,60,N/A,04-16,N/A,N/A,N/A,N/A,N/A,N/A,N/A,N/A,N/A
N/A,21098,Administració i Direcció d'Empreses / Dret (simultaneïtat),UAB,Cerdanyola del Vallès,U. Públ.,80,N/A,04-16,N/A,N/A,N/A,N/A,N/A,N/A,N/A,N/A,N/A
N/A,81053,Administració i Direcció d'Empreses / Dret (simultaneïtat),UdG,Girona,U. Públ.,10,N/A,04-16,N/A,N/A,N/A,N/A,N/A,N/A,N/A,N/A,N/A
N/A,61035,Administració i Direcció d'Empreses / Dret (simultaneïtat),UdL,Lleida,U. Públ.,30,N/A,04-16,N/A,N/A,N/A,N/A,N/A,N/A,N/A,N/A,N/A
N/A,71055,Administració i Direcció d'Empreses / Dret (simultaneïtat),URV,Tarragona  Reus,U. Públ.,25,N/A,04-16,N/A,N/A,N/A,N/A,N/A,N/A,N/A,N/A,N/A
N/A,81052,Administració i Direcció d'Empreses / Economia (simultaneïtat),UdG,Girona,U. Públ.,30,N/A,04-16,N/A,N/A,N/A,N/A,N/A,N/A,N/A,N/A,N/A
N/A,61070,Administració i Direcció d'Empreses / Enginyeria en Organització Industrial iLogística (simultaneïtat),UdL,Igualada,U. Públ.,10,N/A,04-16,N/A,N/A,N/A,N/A,N/A,N/A,N/A,N/A,N/A
N/A,81046,Administració i Direcció d'Empreses / Enginyeria en Tecnologies Industrials(simultaneïtat),UdG,Girona,U. Públ.,15,N/A,04-16,N/A,N/A,N/A,N/A,N/A,N/A,N/A,N/A,N/A
N/A,61036,Administració i Direcció d'Empreses / Enginyeria Informàtica (simultaneïtat),UdL,Lleida,U. Públ.,10,N/A,04-16,N/A,N/A,N/A,N/A,N/A,N/A,N/A,N/A,N/A
N/A,71053,Administració i Direcció d'Empreses / Finances i Comptabilitat (simultaneïtat),URV,Reus,U. Públ.,30,N/A,04-16,N/A,N/A,N/A,N/A,N/A,N/A,N/A,N/A,N/A
N/A,71079,"Administració i Direcció d'Empreses / Màrqueting ""ESIC"" (simultaneïtat)",URV,Reus  Barcelona,U. Públ. CA,10,4.712 €,20,N/A,N/A,N/A,N/A,N/A,N/A,N/A,N/A,N/A
N/A,71080,"Administració i Direcció d'Empreses / Màrqueting ""ESIC"" (simultaneïtat)",URV,Barcelona  Tortosa,U. Públ. CA,10,4.712 €,20,N/A,N/A,N/A,N/A,N/A,N/A,N/A,N/A,N/A
N/A,11066,Administració i Direcció d'Empreses / Matemàtiques (simultaneïtat),UB,Barcelona,U. Públ.,20,N/A,04-16,N/A,N/A,N/A,N/A,N/A,N/A,N/A,N/A,N/A
N/A,11095,Administració i Direcció d'Empreses / Química (simultaneïtat),UB,Barcelona,U. Públ.,20,N/A,04-16,N/A,N/A,N/A,N/A,N/A,N/A,N/A,N/A,N/A
N/A,11090,Administració i Direcció d'Empreses / Sociologia (simultaneïtat),UB,Barcelona,U. Públ.,20,N/A,04-16,N/A,N/A,N/A,N/A,N/A,N/A,N/A,N/A,N/A
N/A,61077,"Administració i Direcció d'Empreses i Transformació de Negocis ""CentreUniversitari EAE""",UdL,Barcelona,U. Públ. CA,150,10.900 €,17,N/A,N/A,N/A,N/A,N/A,N/A,N/A,N/A,N/A
N/A,11001,Antropologia Social i Cultural,UB,Barcelona,U. Públ.,120,N/A,16,N/A,N/A,N/A,N/A,N/A,N/A,N/A,N/A,N/A
N/A,61053,Administració i Direcció d'Empreses / Turisme (simultaneïtat),UdL,Lleida,U. Públ.,20,N/A,04-16,N/A,N/A,N/A,N/A,N/A,N/A,N/A,N/A,N/A
N/A,71003,Anglès,URV,Tarragona,U. Públ.,55,N/A,16,N/A,N/A,N/A,N/A,N/A,N/A,N/A,N/A,N/A
N/A,11029,Arqueologia,UB,Barcelona,U. Públ.,75,N/A,16,N/A,N/A,N/A,N/A,N/A,N/A,N/A,N/A,N/A
N/A,21146,Arqueologia,UAB,Cerdanyola del Vallès,U. Públ.,60,N/A,16,N/A,N/A,N/A,N/A,N/A,N/A,N/A,N/A,N/A
N/A,71049,Antropologia i Evolució Humana (virtual o semipresencial),URV / UOC,Tarragona,U. Públ.,120,N/A,14-16,N/A,N/A,N/A,N/A,N/A,N/A,N/A,N/A,N/A
N/A,11096,Arqueologia / Història (simultaneïtat),UB,Barcelona,U. Públ.,20,N/A,04-16,N/A,N/A,N/A,N/A,N/A,N/A,N/A,N/A,N/A
N/A,21152,Antropologia Social i Cultural,UAB,Cerdanyola del Vallès,U. Públ.,70,N/A,16,N/A,N/A,N/A,N/A,N/A,N/A,N/A,N/A,N/A
N/A,31016,Arquitectura Tècnica i Edificació,UPC,Barcelona,U. Públ.,160,N/A,21,N/A,N/A,N/A,N/A,N/A,N/A,N/A,N/A,N/A
N/A,81020,Arquitectura Tècnica i Edificació,UdG,Girona,U. Públ.,25,N/A,16,N/A,N/A,N/A,N/A,N/A,N/A,N/A,N/A,N/A
N/A,81065,Arquitectura Tècnica i Edificació (semipresencial),UdG,Girona,U. Públ.,15,N/A,16,N/A,N/A,N/A,N/A,N/A,N/A,N/A,N/A,N/A
N/A,61016,Arquitectura Tècnica i Edificació,UdL,Lleida,U. Públ.,25,N/A,16,N/A,N/A,N/A,N/A,N/A,N/A,N/A,N/A,N/A
N/A,31078,Arquitectura  Estudis d',UPC,Barcelona,U. Públ.,342,N/A,21,N/A,N/A,N/A,N/A,N/A,N/A,N/A,N/A,N/A
N/A,81057,Arquitectura  Estudis d',UdG,Girona,U. Públ.,40,N/A,16,N/A,N/A,N/A,N/A,N/A,N/A,N/A,N/A,N/A
N/A,71087,Arquitectura  Estudis d',URV,Reus,U. Públ.,60,N/A,16,N/A,N/A,N/A,N/A,N/A,N/A,N/A,N/A,N/A
N/A,31079,Arquitectura  Estudis d',UPC,Sant Cugat del Vallès,U. Públ.,110,N/A,21,N/A,N/A,N/A,N/A,N/A,N/A,N/A,N/A,N/A
N/A,81045,"Arts Escèniques ""ERAM""",UdG,Salt,U. Públ. CA,30,6.480 €,17,N/A,N/A,N/A,N/A,N/A,N/A,N/A,N/A,N/A
N/A,21020,"Arts i Disseny ""Massana""",UAB,Barcelona,U. Públ. CA,95,6.332 €,17,N/A,N/A,N/A,N/A,N/A,N/A,N/A,N/A,N/A
N/A,91063,Audiologia General,UVic-UCC,Vic,U. Priv.,60,6.901 €,N/A,N/A,N/A,N/A,N/A,N/A,N/A,N/A,N/A,N/A
N/A,11099,Belles Arts,UB,Barcelona,U. Públ.,300,N/A,16,N/A,N/A,N/A,N/A,N/A,N/A,N/A,N/A,N/A
N/A,91059,"Belles Arts ""BAU""",UVic-UCC,Barcelona,U. Priv. CA,80,8.780 €,N/A,N/A,N/A,N/A,N/A,N/A,N/A,N/A,N/A,N/A
N/A,91917,Bioinformàtica (docència en Anglès),UPC / UB /UAB / UPF,Barcelona  Cerdanyola del Vallès,U. Públ.,50,N/A,21,N/A,N/A,N/A,N/A,N/A,N/A,N/A,N/A,N/A
N/A,11002,Biologia,UB,Barcelona,U. Públ.,144,N/A,16,N/A,N/A,N/A,N/A,N/A,N/A,N/A,N/A,N/A
N/A,21009,Biologia,UAB,Cerdanyola del Vallès,U. Públ.,80,N/A,16,N/A,N/A,N/A,N/A,N/A,N/A,N/A,N/A,N/A
N/A,81006,Biologia,UdG,Girona,U. Públ.,90,N/A,16,N/A,N/A,N/A,N/A,N/A,N/A,N/A,N/A,N/A
N/A,91018,Biologia,UVic-UCC,Vic,U. Priv.,50,6.058 €,N/A,N/A,N/A,N/A,N/A,N/A,N/A,N/A,N/A,N/A
N/A,81047,Biologia / Biotecnologia (simultaneïtat),UdG,Girona,U. Públ.,10,N/A,04-16,N/A,N/A,N/A,N/A,N/A,N/A,N/A,N/A,N/A
N/A,91058,Biomedicina,UVic-UCC,Vic,U. Priv.,50,6.058 €,N/A,N/A,N/A,N/A,N/A,N/A,N/A,N/A,N/A,N/A
N/A,11003,Bioquímica,UB,Barcelona,U. Públ.,60,N/A,16,N/A,N/A,N/A,N/A,N/A,N/A,N/A,N/A,N/A
N/A,81048,Biologia / Ciències Ambientals (simultaneïtat),UdG,Girona,U. Públ.,20,N/A,04-16,N/A,N/A,N/A,N/A,N/A,N/A,N/A,N/A,N/A
N/A,21008,Biologia Ambiental,UAB,Cerdanyola del Vallès,U. Públ.,60,N/A,16,N/A,N/A,N/A,N/A,N/A,N/A,N/A,N/A,N/A
N/A,41001,Biologia Humana,UPF,Barcelona,U. Públ.,65,N/A,21,N/A,N/A,N/A,N/A,N/A,N/A,N/A,N/A,N/A
N/A,N/A,N/A,N/A,N/A,N/A,N/A,N/A,N/A,N/A,11004,Biotecnologia,UB,Barcelona,U. Públ.,80.0,N/A,16
N/A,N/A,N/A,N/A,N/A,N/A,N/A,N/A,N/A,N/A,21011,Bioquímica,UAB,Cerdanyola del Vallès,U. Públ.,60.0,N/A,16
N/A,N/A,N/A,N/A,N/A,N/A,N/A,N/A,N/A,N/A,71005,Bioquímica i Biologia Molecular,URV,Tarragona,U. Públ.,45.0,N/A,16
N/A,N/A,N/A,N/A,N/A,N/A,N/A,N/A,N/A,N/A,71054,Bioquímica i Biologia Molecular / Biotecnologia (simultaneïtat),URV,Tarragona,U. Públ.,15.0,N/A,04-16
N/A,N/A,N/A,N/A,N/A,N/A,N/A,N/A,N/A,N/A,21012,Biotecnologia,UAB,Cerdanyola del Vallès,U. Públ.,80.0,N/A,16
N/A,N/A,N/A,N/A,N/A,N/A,N/A,N/A,N/A,N/A,81007,Biotecnologia,UdG,Girona,U. Públ.,60.0,N/A,16
N/A,N/A,N/A,N/A,N/A,N/A,N/A,N/A,N/A,N/A,61005,Biotecnologia,UdL,Lleida,U. Públ.,50.0,N/A,16
N/A,N/A,N/A,N/A,N/A,N/A,N/A,N/A,N/A,N/A,71006,Biotecnologia,URV,Tarragona,U. Públ.,40.0,N/A,16
N/A,N/A,N/A,N/A,N/A,N/A,N/A,N/A,N/A,N/A,91004,Biotecnologia,UVic-UCC,Vic,U. Priv.,50.0,6.058 €,N/A
N/A,N/A,N/A,N/A,N/A,N/A,N/A,N/A,N/A,N/A,81047,Biotecnologia / Biologia (simultaneïtat),UdG,Girona,U. Públ.,10.0,N/A,04-16
N/A,N/A,N/A,N/A,N/A,N/A,N/A,N/A,N/A,N/A,71054,Biotecnologia / Bioquímica i Biologia Molecular (simultaneïtat),URV,Tarragona,U. Públ.,15.0,N/A,04-16
N/A,N/A,N/A,N/A,N/A,N/A,N/A,N/A,N/A,N/A,71056,Biotecnologia / Enginyeria Informàtica (simultaneïtat),URV,Tarragona,U. Públ.,10.0,N/A,04-16
N/A,N/A,N/A,N/A,N/A,N/A,N/A,N/A,N/A,N/A,11109,"Ciberseguretat ""ENTI""",UB,Barcelona,U. Públ. CA,40.0,8.220 €,17
N/A,N/A,N/A,N/A,N/A,N/A,N/A,N/A,N/A,N/A,31089,Ciència i Enginyeria de Dades,UPC,Barcelona,U. Públ.,50.0,N/A,21
N/A,N/A,N/A,N/A,N/A,N/A,N/A,N/A,N/A,N/A,61040,Ciència i Producció Animal / Veterinària (simultaneïtat),UdL,Lleida,U. Públ.,60.0,N/A,15-16
N/A,N/A,N/A,N/A,N/A,N/A,N/A,N/A,N/A,N/A,21021,Ciència i Tecnologia dels Aliments,UAB,Cerdanyola del Vallès,U. Públ.,70.0,N/A,16
N/A,N/A,N/A,N/A,N/A,N/A,N/A,N/A,N/A,N/A,61008,Ciència i Tecnologia dels Aliments,UdL,Lleida,U. Públ.,40.0,N/A,16
N/A,N/A,N/A,N/A,N/A,N/A,N/A,N/A,N/A,N/A,11054,Ciència i Tecnologia dels Aliments,UB,Santa Coloma de Gramenet,U. Públ.,80.0,N/A,16
N/A,N/A,N/A,N/A,N/A,N/A,N/A,N/A,N/A,N/A,21013,Ciència Política i Gestió Pública,UAB,Cerdanyola del Vallès,U. Públ.,80.0,N/A,16
N/A,N/A,N/A,N/A,N/A,N/A,N/A,N/A,N/A,N/A,21104,Ciència Política i Gestió Pública / Dret (simultaneïtat),UAB,Cerdanyola del Vallès,U. Públ.,20.0,N/A,04-16
N/A,N/A,N/A,N/A,N/A,N/A,N/A,N/A,N/A,N/A,21125,Ciència Política i Gestió Pública / Sociologia (simultaneïtat),UAB,Cerdanyola del Vallès,U. Públ.,20.0,N/A,04-16
N/A,N/A,N/A,N/A,N/A,N/A,N/A,N/A,N/A,N/A,21137,Ciència  Tecnologia i Humanitats,UAB / UAM /UC3M,Cerdanyola del Vallès,U. Públ.,15.0,N/A,16-25
N/A,N/A,N/A,N/A,N/A,N/A,N/A,N/A,N/A,N/A,21131,Ciències,UAB / UAM /UC3M,Cerdanyola del Vallès,U. Públ.,15.0,N/A,09
N/A,N/A,N/A,N/A,N/A,N/A,N/A,N/A,N/A,N/A,11005,Ciències Ambientals,UB,Barcelona,U. Públ.,60.0,N/A,16
N/A,N/A,N/A,N/A,N/A,N/A,N/A,N/A,N/A,N/A,21147,Ciències Ambientals,UAB,Cerdanyola del Vallès,U. Públ.,60.0,N/A,16
N/A,N/A,N/A,N/A,N/A,N/A,N/A,N/A,N/A,N/A,81008,Ciències Ambientals,UdG,Girona,U. Públ.,60.0,N/A,16
N/A,N/A,N/A,N/A,N/A,N/A,N/A,N/A,N/A,N/A,21151,Ciències Ambientals / Geologia (simultaneïtat),UAB,Cerdanyola del Vallès,U. Públ.,30.0,N/A,16
N/A,N/A,N/A,N/A,N/A,N/A,N/A,N/A,N/A,N/A,81048,Ciències Ambientals / Biologia (simultaneïtat),UdG,Girona,U. Públ.,20.0,N/A,04-16
N/A,N/A,N/A,N/A,N/A,N/A,N/A,N/A,N/A,N/A,11006,Ciències Biomèdiques,UB,Barcelona  L'Hospitalet deLlobregat,U. Públ.,165.0,N/A,16
N/A,N/A,N/A,N/A,N/A,N/A,N/A,N/A,N/A,N/A,21010,Ciències Biomèdiques,UAB,Cerdanyola del Vallès,U. Públ.,60.0,N/A,16
N/A,N/A,N/A,N/A,N/A,N/A,N/A,N/A,N/A,N/A,61004,Ciències Biomèdiques,UdL,Lleida,U. Públ.,45.0,N/A,16
N/A,N/A,N/A,N/A,N/A,N/A,N/A,N/A,N/A,N/A,11113,"Ciències Culinàries i Gastronòmiques ""CETT""",UB,Barcelona,U. Públ. CA,80.0,8.741 €,17
N/A,N/A,N/A,N/A,N/A,N/A,N/A,N/A,N/A,N/A,71086,"Ciències de l'Activitat Física i de l'Esport ""EUSES""",URV,Amposta,U. Públ. CA,50.0,7.485 €,17
N/A,N/A,N/A,N/A,N/A,N/A,N/A,N/A,N/A,N/A,11007,Ciències de l'Activitat Física i de l'Esport,UB,Barcelona,U. Públ. CA,150.0,N/A,16
N/A,N/A,N/A,N/A,N/A,N/A,N/A,N/A,N/A,N/A,61071,Ciències de l'Activitat Física i de l'Esport,UdL,La Seu d'Urgell,U. Públ. CA,40.0,N/A,16
N/A,N/A,N/A,N/A,N/A,N/A,N/A,N/A,N/A,N/A,61007,Ciències de l'Activitat Física i de l'Esport,UdL,Lleida,U. Públ. CA,95.0,N/A,16
N/A,N/A,N/A,N/A,N/A,N/A,N/A,N/A,N/A,N/A,41038,"Ciències de l'Activitat Física i de l'Esport ""Tecnocampus""",UPF,Mataró,U. Públ. CA,60.0,6.790 €,17
N/A,N/A,N/A,N/A,N/A,N/A,N/A,N/A,N/A,N/A,81082,"Ciències de l'Activitat Física i de l'Esport ""EUSES""",UdG,Salt,U. Públ. CA,90.0,7.335 €,17
N/A,N/A,N/A,N/A,N/A,N/A,N/A,N/A,N/A,N/A,91001,Ciències de l'Activitat Física i de l'Esport,UVic-UCC,Vic,U. Priv.,100.0,6.058 €,N/A
N/A,N/A,N/A,N/A,N/A,N/A,N/A,N/A,N/A,N/A,61038,Ciències de l'Activitat Física i de l'Esport / Educació Primària (simultaneïtat),UdL,Lleida,U. Públ.,30.0,N/A,04-16-19
N/A,N/A,N/A,N/A,N/A,N/A,N/A,N/A,N/A,N/A,91055,Ciències de l'Activitat Física i de l'Esport / Educació Primària (menció enEducació Física) (simultaneïtat),UVic-UCC,Vic,U. Priv.,40.0,7.353 €,04-29
N/A,N/A,N/A,N/A,N/A,N/A,N/A,N/A,N/A,N/A,81086,"Ciències de l'Activitat Física i de l'Esport / Fisioteràpia ""EUSES""(simultaneïtat)",UdG,Salt,U. Públ. CA,10.0,9.984 €,04-17
N/A,N/A,N/A,N/A,N/A,N/A,N/A,N/A,N/A,N/A,71088,"Ciències de l'Activitat Física i de l'Esport / Fisioteràpia ""EUSES""(simultaneïtat)",URV,Tortosa  Amposta,U. Públ. CA,10.0,10.133 €,04-17
N/A,N/A,N/A,N/A,N/A,N/A,N/A,N/A,N/A,N/A,61039,Ciències de l'Activitat Física i de l'Esport / Fisioteràpia (simultaneïtat),UdL,Lleida,U. Públ.,25.0,N/A,04-16
N/A,N/A,N/A,N/A,N/A,N/A,N/A,N/A,N/A,N/A,41037,"Ciències de l'Activitat Física i de l'Esport / Fisioteràpia ""Tecnocampus""(simultaneïtat)",UPF,Mataró,U. Públ. CA,40.0,8.850 €,04-17
N/A,N/A,N/A,N/A,N/A,N/A,N/A,N/A,N/A,N/A,21117,Ciències de l'Antiguitat,UAB,Cerdanyola del Vallès,U. Públ.,60.0,N/A,16
N/A,N/A,N/A,N/A,N/A,N/A,N/A,N/A,N/A,N/A,11077,Ciències del Mar,UB,Barcelona,U. Públ.,60.0,N/A,16
N/A,N/A,N/A,N/A,N/A,N/A,N/A,N/A,N/A,N/A,41009,Ciències Empresarials - Management,UPF,Barcelona,U. Públ.,110.0,N/A,21
N/A,N/A,N/A,N/A,N/A,N/A,N/A,N/A,N/A,N/A,31095,"Ciències i Tecnologies Aplicades a l'Esport i al Fitnes ""EUNCET""",UPC,Barcelona,U. Públ. CA,80.0,7.500 €,17
N/A,N/A,N/A,N/A,N/A,N/A,N/A,N/A,N/A,N/A,31096,Ciències i Tecnologies del Mar,UPC,Barcelona  Vilanova i la Geltrú Castelldefels,U. Públ.,60.0,N/A,21
N/A,N/A,N/A,N/A,N/A,N/A,N/A,N/A,N/A,N/A,11008,Ciències Polítiques i de l'Administració,UB,Barcelona,U. Públ.,100.0,N/A,16
N/A,N/A,N/A,N/A,N/A,N/A,N/A,N/A,N/A,N/A,41010,Ciències Polítiques i de l'Administració,UPF,Barcelona,U. Públ.,140.0,N/A,21
N/A,N/A,N/A,N/A,N/A,N/A,N/A,N/A,N/A,N/A,81010,Ciències Polítiques i de l'Administració,UdG,Girona,U. Públ.,55.0,N/A,16
N/A,N/A,N/A,N/A,N/A,N/A,N/A,N/A,N/A,N/A,11065,Ciències Polítiques i de l'Administració / Dret (simultaneïtat),UB,Barcelona,U. Públ.,20.0,N/A,04-16
N/A,N/A,N/A,N/A,N/A,N/A,N/A,N/A,N/A,N/A,81054,Ciències Polítiques i de l'Administració / Dret (simultaneïtat),UdG,Girona,U. Públ.,15.0,N/A,04-16
N/A,N/A,N/A,N/A,N/A,N/A,N/A,N/A,N/A,N/A,11105,"Cinematografia ""ESCAC""",UB,Terrassa,U. Públ. CA,110.0,11.950 €,01-17
N/A,N/A,N/A,N/A,N/A,N/A,N/A,N/A,N/A,N/A,81011,Comptabilitat i Finances,UdG,Girona,U. Públ.,140.0,N/A,16
N/A,N/A,N/A,N/A,N/A,N/A,N/A,N/A,N/A,N/A,21084,Comptabilitat i Finances,UAB,Sabadell,U. Públ.,150.0,N/A,16
N/A,N/A,N/A,N/A,N/A,N/A,N/A,N/A,N/A,N/A,11097,Comunicació Audiovisual,UB,Barcelona,U. Públ.,45.0,N/A,16
N/A,N/A,N/A,N/A,N/A,N/A,N/A,N/A,N/A,N/A,41002,Comunicació Audiovisual,UPF,Barcelona,U. Públ.,80.0,N/A,21
N/A,N/A,N/A,N/A,N/A,N/A,N/A,N/A,N/A,N/A,21085,Comunicació Audiovisual,UAB,Cerdanyola del Vallès,U. Públ.,80.0,N/A,16
N/A,N/A,N/A,N/A,N/A,N/A,N/A,N/A,N/A,N/A,71007,Comunicació Audiovisual,URV,Tarragona,U. Públ.,45.0,N/A,16
N/A,N/A,N/A,N/A,N/A,N/A,N/A,N/A,N/A,N/A,91006,Comunicació Audiovisual,UVic-UCC,Vic,U. Priv.,40.0,6.058 €,N/A
N/A,N/A,N/A,N/A,N/A,N/A,N/A,N/A,N/A,N/A,11098,Comunicació Audiovisual / Gestió d'Informació i Documentació Digital(simultaneïtat),UB,Barcelona,U. Públ.,20.0,N/A,04-16
N/A,N/A,N/A,N/A,N/A,N/A,N/A,N/A,N/A,N/A,81005,"Comunicació Audiovisual i Multimèdia ""ERAM""",UdG,Salt,U. Públ. CA,50.0,7.380 €,17
N/A,N/A,N/A,N/A,N/A,N/A,N/A,N/A,N/A,N/A,81067,"Comunicació Audiovisual i Multimèdia ""ERAM"" (docència en Anglès)",UdG,Salt,U. Públ. CA,20.0,7.380 €,17
N/A,N/A,N/A,N/A,N/A,N/A,N/A,N/A,N/A,N/A,81068,Comunicació Cultural,UdG,Girona,U. Públ.,50.0,N/A,16
N/A,N/A,N/A,N/A,N/A,N/A,N/A,N/A,N/A,N/A,21121,Comunicació de les Organitzacions,UAB,Cerdanyola del Vallès,U. Públ.,60.0,N/A,16
N/A,N/A,N/A,N/A,N/A,N/A,N/A,N/A,N/A,N/A,11067,Comunicació i Indústries Culturals,UB,Barcelona,U. Públ.,120.0,N/A,16
N/A,N/A,N/A,N/A,N/A,N/A,N/A,N/A,N/A,N/A,61009,Comunicació i Periodisme Audiovisuals,UdL,Lleida,U. Públ.,90.0,N/A,16
N/A,N/A,N/A,N/A,N/A,N/A,N/A,N/A,N/A,N/A,21126,Comunicació Interactiva,UAB,Cerdanyola del Vallès,U. Públ.,60.0,N/A,16
N/A,N/A,N/A,N/A,N/A,N/A,N/A,N/A,N/A,N/A,11100,Conservació - Restauració de Béns Culturals,UB,Barcelona,U. Públ.,50.0,N/A,16
N/A,N/A,N/A,N/A,N/A,N/A,N/A,N/A,N/A,N/A,61042,Conservació de la Natura / Enginyeria Forestal (simultaneïtat),UdL,Lleida,U. Públ.,25.0,N/A,04-16
N/A,N/A,N/A,N/A,N/A,N/A,N/A,N/A,N/A,N/A,11010,Criminologia,UB,Barcelona,U. Públ.,140.0,N/A,16
N/A,N/A,N/A,N/A,N/A,N/A,N/A,N/A,N/A,N/A,91050,"Criminologia ""ESERP""",UVic-UCC,Barcelona,U. Priv. CA,40.0,7.850 €,N/A
N/A,N/A,N/A,N/A,N/A,N/A,N/A,N/A,N/A,N/A,21068,Criminologia,UAB,Cerdanyola del Vallès,U. Públ.,65.0,N/A,16
N/A,N/A,N/A,N/A,N/A,N/A,N/A,N/A,N/A,N/A,81013,Criminologia,UdG,Girona,U. Públ.,55.0,N/A,16
N/A,N/A,N/A,N/A,N/A,N/A,N/A,N/A,N/A,N/A,11088,Criminologia / Dret (simultaneïtat),UB,Barcelona,U. Públ.,20.0,N/A,04-16
N/A,N/A,N/A,N/A,N/A,N/A,N/A,N/A,N/A,N/A,21108,Criminologia / Dret (simultaneïtat),UAB,Cerdanyola del Vallès,U. Públ.,25.0,N/A,04-16
N/A,N/A,N/A,N/A,N/A,N/A,N/A,N/A,N/A,N/A,81056,Criminologia / Dret (simultaneïtat),UdG,Girona,U. Públ.,15.0,N/A,04-16
N/A,N/A,N/A,N/A,N/A,N/A,N/A,N/A,N/A,N/A,41011,Criminologia i Polítiques Públiques de Prevenció,UPF,Barcelona,U. Públ.,60.0,N/A,21
N/A,N/A,N/A,N/A,N/A,N/A,N/A,N/A,N/A,N/A,41043,Criminologia i Polítiques Públiques de Prevenció / Dret (simultaneïtat),UPF,Barcelona,U. Públ.,20.0,N/A,04-21
N/A,N/A,N/A,N/A,N/A,N/A,N/A,N/A,N/A,N/A,21107,Direcció Hotelera,UAB,Cerdanyola del Vallès,U. Públ. CA,90.0,5.940 €,17
N/A,N/A,N/A,N/A,N/A,N/A,N/A,N/A,N/A,N/A,81083,Direcció d'Empreses Hoteleres i Gastronòmiques,UdG,Sant Pol de Mar,U. Públ. CA,40.0,10.280 €,17
N/A,N/A,N/A,N/A,N/A,N/A,N/A,N/A,N/A,N/A,71085,"Direcció i Gestió d'Empreses en l'Àmbit Digital ""ESIC""",URV,Barcelona,U. Públ. CA,70.0,9.150 €,17
N/A,N/A,N/A,N/A,N/A,N/A,N/A,N/A,N/A,N/A,11110,"Direcció i Gestió Gastronòmica ""Barcelona Culinary Hub""",UB,L'Hospitalet de Llobregat,U. Públ. CA,40.0,10.500 €,17
N/A,N/A,N/A,N/A,N/A,N/A,N/A,N/A,N/A,N/A,11101,Disseny,UB,Barcelona,U. Públ.,60.0,N/A,16
N/A,N/A,N/A,N/A,N/A,N/A,N/A,N/A,N/A,N/A,91007,"Disseny ""BAU""",UVic-UCC,Barcelona,U. Priv. CA,160.0,8.780 €,N/A
N/A,N/A,N/A,N/A,N/A,N/A,N/A,N/A,N/A,N/A,21015,"Disseny ""Eina""",UAB,Barcelona,U. Públ. CA,150.0,9.000 €,17
N/A,N/A,N/A,N/A,N/A,N/A,N/A,N/A,N/A,N/A,61064,Disseny Digital i Tecnologies Creatives,UdL,Lleida,U. Públ.,40.0,N/A,16
N/A,N/A,N/A,N/A,N/A,N/A,N/A,N/A,N/A,N/A,31121,Disseny Digital i Tecnologies Multimèdia,UPC,Terrassa,U. Públ. CA,40.0,6.360 €,17
N/A,N/A,N/A,N/A,N/A,N/A,N/A,N/A,N/A,N/A,31083,Disseny i Desenvolupament de Videojocs (docència en Anglès) (CampusBarcelona),UPC,Barcelona  Terrassa,U. Públ. CA,30.0,6.360 €,17
N/A,N/A,N/A,N/A,N/A,N/A,N/A,N/A,N/A,N/A,81059,Disseny i Desenvolupament de Videojocs,UdG,Girona,U. Públ.,40.0,N/A,16
N/A,N/A,N/A,N/A,N/A,N/A,N/A,N/A,N/A,N/A,31074,Disseny i Desenvolupament de Videojocs (Campus Terrassa),UPC,Terrassa  Barcelona,U. Públ. CA,44.0,6.360 €,17
N/A,N/A,N/A,N/A,N/A,N/A,N/A,N/A,N/A,N/A,11106,"Disseny i Desenvolupament de Videojocs i Jocs Aplicats ""ENTI""",UB,Barcelona,U. Públ. CA,40.0,8.220 €,17
N/A,N/A,N/A,N/A,N/A,N/A,N/A,N/A,N/A,N/A,91056,"Disseny i Innovació ""ELISAVA""",UVic-UCC,Barcelona,U. Priv.,175.0,10.320 €,N/A
N/A,N/A,N/A,N/A,N/A,N/A,N/A,N/A,N/A,N/A,41045,"Disseny i Producció de Videojocs ""Tecnocampus""",UPF,Mataró,U. Públ. CA,55.0,6.460 €,17
N/A,N/A,N/A,N/A,N/A,N/A,N/A,N/A,N/A,N/A,41052,"Disseny i Producció de Videojocs / Enginyeria Informàtica de Gestió iSistemes d'Informació ""Tecnocampus"" (simultaneïtat)",UPF,Mataró,U. Públ. CA,30.0,7.480 €,04-17
N/A,N/A,N/A,N/A,N/A,N/A,N/A,N/A,N/A,N/A,31122,Disseny  Animació i Art Digital,UPC,Terrassa,U. Públ. CA,40.0,6.360 €,17
N/A,N/A,N/A,N/A,N/A,N/A,N/A,N/A,N/A,N/A,11107,"Disseny  Animació i Art Digital per a Videojocs i Jocs Aplicats ""ENTI""",UB,Barcelona,U. Públ. CA,40.0,8.220 €,17
N/A,N/A,N/A,N/A,N/A,N/A,N/A,N/A,N/A,N/A,11012,Dret,UB,Barcelona,U. Públ.,430.0,N/A,16
N/A,N/A,N/A,N/A,N/A,N/A,N/A,N/A,N/A,N/A,41013,Dret,UPF,Barcelona,U. Públ.,260.0,N/A,21
N/A,N/A,N/A,N/A,N/A,N/A,N/A,N/A,N/A,N/A,91053,"Dret ""ESERP""",UVic-UCC,Barcelona,U. Priv. CA,90.0,8.560 €,N/A
N/A,N/A,N/A,N/A,N/A,N/A,N/A,N/A,N/A,N/A,21086,Dret,UAB,Cerdanyola del Vallès,U. Públ.,200.0,N/A,16
N/A,N/A,N/A,N/A,N/A,N/A,N/A,N/A,N/A,N/A,81015,Dret,UdG,Girona,U. Públ.,155.0,N/A,16
N/A,N/A,N/A,N/A,N/A,N/A,N/A,N/A,N/A,N/A,61010,Dret,UdL,Lleida,U. Públ.,115.0,N/A,16
N/A,N/A,N/A,N/A,N/A,N/A,N/A,N/A,N/A,N/A,71008,Dret,URV,Tarragona,U. Públ.,135.0,N/A,16
N/A,N/A,N/A,N/A,N/A,N/A,N/A,N/A,N/A,N/A,11064,Dret / Administració i Direcció d'Empreses (simultaneïtat),UB,Barcelona,U. Públ.,60.0,N/A,04-16
N/A,N/A,N/A,N/A,N/A,N/A,N/A,N/A,N/A,N/A,21098,Dret / Administració i Direcció d'Empreses (simultaneïtat),UAB,Cerdanyola del Vallès,U. Públ.,80.0,N/A,04-16
N/A,N/A,N/A,N/A,N/A,N/A,N/A,N/A,N/A,N/A,81053,Dret / Administració i Direcció d'Empreses (simultaneïtat),UdG,Girona,U. Públ.,10.0,N/A,04-16
N/A,N/A,N/A,N/A,N/A,N/A,N/A,N/A,N/A,N/A,61035,Dret / Administració i Direcció d'Empreses (simultaneïtat),UdL,Lleida,U. Públ.,30.0,N/A,04-16
N/A,N/A,N/A,N/A,N/A,N/A,N/A,N/A,N/A,N/A,71055,Dret / Administració i Direcció d'Empreses (simultaneïtat),URV,Reus  Tarragona,U. Públ.,25.0,N/A,04-16
N/A,N/A,N/A,N/A,N/A,N/A,N/A,N/A,N/A,N/A,41034,Dret / Administració i Direcció d'Empreses - Economia (agrupació desimultaneïtat),UPF,Barcelona,U. Públ.,90.0,N/A,12-21
N/A,N/A,N/A,N/A,N/A,N/A,N/A,N/A,N/A,N/A,21104,Dret / Ciència Política i Gestió Pública (simultaneïtat),UAB,Cerdanyola del Vallès,U. Públ.,20.0,N/A,04-16
N/A,N/A,N/A,N/A,N/A,N/A,N/A,N/A,N/A,N/A,11065,Dret / Ciències Polítiques i de l'Administració (simultaneïtat),UB,Barcelona,U. Públ.,20.0,N/A,04-16
N/A,N/A,N/A,N/A,N/A,N/A,N/A,N/A,N/A,N/A,81054,Dret / Ciències Polítiques i de l'Administració (simultaneïtat),UdG,Girona,U. Públ.,15.0,N/A,04-16
N/A,N/A,N/A,N/A,N/A,N/A,N/A,N/A,N/A,N/A,11088,Dret / Criminologia (simultaneïtat),UB,Barcelona,U. Públ.,20.0,N/A,04-16
N/A,N/A,N/A,N/A,N/A,N/A,N/A,N/A,N/A,N/A,21108,Dret / Criminologia (simultaneïtat),UAB,Cerdanyola del Vallès,U. Públ.,25.0,N/A,04-16
N/A,N/A,N/A,N/A,N/A,N/A,N/A,N/A,N/A,N/A,81056,Dret / Criminologia (simultaneïtat),UdG,Girona,U. Públ.,15.0,N/A,04-16
N/A,N/A,N/A,N/A,N/A,N/A,N/A,N/A,N/A,N/A,41043,Dret / Criminologia i Polítiques Públiques de Prevenció (simultaneïtat),UPF,Barcelona,U. Públ.,20.0,N/A,04-21
N/A,N/A,N/A,N/A,N/A,N/A,N/A,N/A,N/A,N/A,11070,Dret / Gestió i Administració Pública (simultaneïtat),UB,Barcelona,U. Públ.,24.0,N/A,04-16
N/A,N/A,N/A,N/A,N/A,N/A,N/A,N/A,N/A,N/A,21145,Dret / Relacions Internacionals (simultaneïtat),UAB,Cerdanyola del Vallès,U. Públ.,20.0,N/A,16
N/A,N/A,N/A,N/A,N/A,N/A,N/A,N/A,N/A,N/A,21109,Dret / Relacions Laborals (simultaneïtat),UAB,Cerdanyola del Vallès,U. Públ.,20.0,N/A,04-16
N/A,N/A,N/A,N/A,N/A,N/A,N/A,N/A,N/A,N/A,71083,Dret / Relacions Laborals i Recursos Humans (simultaneïtat),URV,Tarragona,U. Públ.,25.0,N/A,04-16
N/A,N/A,N/A,N/A,N/A,N/A,N/A,N/A,N/A,N/A,11103,Economia,UB,Barcelona,U. Públ.,300.0,N/A,16
N/A,N/A,N/A,N/A,N/A,N/A,N/A,N/A,N/A,N/A,41014,Economia,UPF,Barcelona,U. Públ.,170.0,N/A,21
N/A,N/A,N/A,N/A,N/A,N/A,N/A,N/A,N/A,N/A,21070,Economia,UAB,Cerdanyola del Vallès,U. Públ.,135.0,N/A,16
N/A,N/A,N/A,N/A,N/A,N/A,N/A,N/A,N/A,N/A,21110,Economia (docència en Anglès),UAB,Cerdanyola del Vallès,U. Públ.,40.0,N/A,16
N/A,N/A,N/A,N/A,N/A,N/A,N/A,N/A,N/A,N/A,81016,Economia,UdG,Girona,U. Públ.,50.0,N/A,16
N/A,N/A,N/A,N/A,N/A,N/A,N/A,N/A,N/A,N/A,71009,Economia,URV,Reus,U. Públ.,50.0,N/A,16
N/A,N/A,N/A,N/A,N/A,N/A,N/A,N/A,N/A,N/A,41034,Economia - Administració i Direcció d'Empreses / Dret (agrupació desimultaneïtat),UPF,Barcelona,U. Públ.,90.0,N/A,12-21
N/A,N/A,N/A,N/A,N/A,N/A,N/A,N/A,N/A,N/A,81052,Economia / Administració i Direcció d'Empreses (simultaneïtat),UdG,Girona,U. Públ.,30.0,N/A,04-16
N/A,N/A,N/A,N/A,N/A,N/A,N/A,N/A,N/A,N/A,91914,Economia / Estadística (simultaneïtat),UB / UPC,Barcelona,U. Públ.,20.0,N/A,16-23
N/A,N/A,N/A,N/A,N/A,N/A,N/A,N/A,N/A,N/A,81069,Economia / Filosofia (simultaneïtat),UdG,Girona,U. Públ.,10.0,N/A,04-16
N/A,N/A,N/A,N/A,N/A,N/A,N/A,N/A,N/A,N/A,11013,Educació Infantil,UB,Barcelona,U. Públ.,180.0,N/A,16-19
N/A,N/A,N/A,N/A,N/A,N/A,N/A,N/A,N/A,N/A,21016,Educació Infantil,UAB,Cerdanyola del Vallès,U. Públ.,130.0,N/A,16-19
N/A,N/A,N/A,N/A,N/A,N/A,N/A,N/A,N/A,N/A,71034,Educació Infantil,URV,el Vendrell,U. Públ.,40.0,N/A,16-19
N/A,N/A,N/A,N/A,N/A,N/A,N/A,N/A,N/A,N/A,81017,Educació Infantil,UdG,Girona,U. Públ.,80.0,N/A,16-19
N/A,N/A,N/A,N/A,N/A,N/A,N/A,N/A,N/A,N/A,61011,Educació Infantil,UdL,Lleida,U. Públ.,90.0,N/A,16-19
N/A,N/A,N/A,N/A,N/A,N/A,N/A,N/A,N/A,N/A,91038,Educació Infantil (Campus Manresa),UVic-UCC,Manresa,U. Priv.,40.0,5.463 €,29
N/A,N/A,N/A,N/A,N/A,N/A,N/A,N/A,N/A,N/A,71010,Educació Infantil,URV,Tarragona,U. Públ.,80.0,N/A,16-19
N/A,N/A,N/A,N/A,N/A,N/A,N/A,N/A,N/A,N/A,71029,Educació Infantil,URV,Tortosa,U. Públ.,40.0,N/A,16-19
N/A,N/A,N/A,N/A,N/A,N/A,N/A,N/A,N/A,N/A,91008,Educació Infantil,UVic-UCC,Vic,U. Priv.,70.0,5.473 €,29
N/A,N/A,N/A,N/A,N/A,N/A,N/A,N/A,N/A,N/A,11072,Educació Infantil / Educació Primària (pla de millora de la formació inicial deMestre - 5 anys) (simultaneïtat),UB,Barcelona,U. Públ.,40.0,N/A,04-16-19
N/A,N/A,N/A,N/A,N/A,N/A,N/A,N/A,N/A,N/A,21111,Educació Infantil / Educació Primària (pla de millora de la formació inicial deMestre - 5 anys) (simultaneïtat),UAB,Cerdanyola del Vallès,U. Públ.,20.0,N/A,04-16-19
N/A,N/A,N/A,N/A,N/A,N/A,N/A,N/A,N/A,N/A,81049,Educació Infantil / Educació Primària (pla de millora de la formació inicial deMestre - 5 anys) (simultaneïtat),UdG,Girona,U. Públ.,50.0,N/A,04-16-19
N/A,N/A,N/A,N/A,N/A,N/A,N/A,N/A,N/A,N/A,61037,Educació Infantil / Educació Primària (pla de millora de la formació inicial deMestre - 5 anys) (simultaneïtat),UdL,Lleida,U. Públ.,35.0,N/A,04-16-19
N/A,N/A,N/A,N/A,N/A,N/A,N/A,N/A,N/A,N/A,71050,Educació Infantil / Educació Primària (pla de millora de la formació inicial deMestre - 5 anys) (simultaneïtat),URV,Tarragona,U. Públ.,30.0,N/A,04-16-19
N/A,N/A,N/A,N/A,N/A,N/A,N/A,N/A,N/A,N/A,71076,Educació Infantil / Educació Primària (pla de millora de la formació inicial deMestre - 5 anys) (simultaneïtat),URV,Tortosa,U. Públ.,10.0,N/A,04-16-19
N/A,N/A,N/A,N/A,N/A,N/A,N/A,N/A,N/A,N/A,91030,Educació Infantil / Educació Primària (pla de millora de la formació inicial deMestre - 5 anys) (menció en Llengua Anglesa) (simultaneïtat),UVic-UCC,Vic,U. Priv.,40.0,5.473 €,04-18-29
N/A,N/A,N/A,N/A,N/A,N/A,N/A,N/A,N/A,N/A,11014,Educació Primària,UB,Barcelona,U. Públ.,375.0,N/A,16-19
N/A,N/A,N/A,N/A,N/A,N/A,N/A,N/A,N/A,N/A,21018,Educació Primària,UAB,Cerdanyola del Vallès,U. Públ.,180.0,N/A,16-19
N/A,N/A,N/A,N/A,N/A,N/A,N/A,N/A,N/A,N/A,21102,Educació Primària (docència en Anglès),UAB,Cerdanyola del Vallès,U. Públ.,75.0,N/A,03-16-19
N/A,N/A,N/A,N/A,N/A,N/A,N/A,N/A,N/A,N/A,81018,Educació Primària,UdG,Girona,U. Públ.,80.0,N/A,16-19
N/A,N/A,N/A,N/A,N/A,N/A,N/A,N/A,N/A,N/A,61072,Educació Primària (modalitat bilingüe),UdL,Lleida,U. Públ.,30.0,N/A,16-19
N/A,N/A,N/A,N/A,N/A,N/A,N/A,N/A,N/A,N/A,61073,Educació Primària (modalitat dual),UdL,Lleida,U. Públ.,95.0,N/A,16-19
N/A,N/A,N/A,N/A,N/A,N/A,N/A,N/A,N/A,N/A,71011,Educació Primària,URV,Tarragona,U. Públ.,80.0,N/A,16-19
N/A,N/A,N/A,N/A,N/A,N/A,N/A,N/A,N/A,N/A,71033,Educació Primària,URV,Tortosa,U. Públ.,40.0,N/A,16-19
N/A,N/A,N/A,N/A,N/A,N/A,N/A,N/A,N/A,N/A,91009,Educació Primària,UVic-UCC,Vic,U. Priv.,70.0,5.473 €,29
N/A,N/A,N/A,N/A,N/A,N/A,N/A,N/A,N/A,N/A,61038,Educació Primària / Ciències de l'Activitat Física i de l'Esport (simultaneïtat),UdL,Lleida,U. Públ.,30.0,N/A,04-16-19
N/A,N/A,N/A,N/A,N/A,N/A,N/A,N/A,N/A,N/A,91055,Educació Primària (menció en Educació Física) / Ciències de l'ActivitatFísica i de l'Esport (simultaneïtat),UVic-UCC,Vic,U. Priv.,40.0,7.353 €,04-29
N/A,N/A,N/A,N/A,N/A,N/A,N/A,N/A,N/A,N/A,11072,Educació Primària / Educació Infantil (pla de millora de la formació inicial deMestre - 5 anys) (simultaneïtat),UB,Barcelona,U. Públ.,40.0,N/A,04-16-19
N/A,N/A,N/A,N/A,N/A,N/A,N/A,N/A,N/A,N/A,21111,Educació Primària / Educació Infantil (pla de millora de la formació inicial deMestre - 5 anys) (simultaneïtat),UAB,Cerdanyola del Vallès,U. Públ.,20.0,N/A,04-16-19
N/A,N/A,N/A,N/A,N/A,N/A,N/A,N/A,N/A,N/A,81049,Educació Primària / Educació Infantil (pla de millora de la formació inicial deMestre - 5 anys) (simultaneïtat),UdG,Girona,U. Públ.,50.0,N/A,04-16-19
N/A,N/A,N/A,N/A,N/A,N/A,N/A,N/A,N/A,N/A,61037,Educació Primària / Educació Infantil (pla de millora de la formació inicial deMestre - 5 anys) (simultaneïtat),UdL,Lleida,U. Públ.,35.0,N/A,04-16-19
N/A,N/A,N/A,N/A,N/A,N/A,N/A,N/A,N/A,N/A,71050,Educació Primària / Educació Infantil (pla de millora de la formació inicial deMestre - 5 anys) (simultaneïtat),URV,Tarragona,U. Públ.,30.0,N/A,04-16-19
N/A,N/A,N/A,N/A,N/A,N/A,N/A,N/A,N/A,N/A,71076,Educació Primària / Educació Infantil (pla de millora de la formació inicial deMestre - 5 anys) (simultaneïtat),URV,Tortosa,U. Públ.,10.0,N/A,04-16-19
N/A,N/A,N/A,N/A,N/A,N/A,N/A,N/A,N/A,N/A,91030,Educació Primària / Educació Infantil (pla de millora de la formació inicial deMestre - 5 anys) (menció en Llengua Anglesa) (simultaneïtat),UVic-UCC,Vic,U. Priv.,40.0,5.473 €,04-18-29
N/A,N/A,N/A,N/A,N/A,N/A,N/A,N/A,N/A,N/A,11015,Educació Social,UB,Barcelona,U. Públ.,180.0,N/A,16
N/A,N/A,N/A,N/A,N/A,N/A,N/A,N/A,N/A,N/A,21019,Educació Social,UAB,Cerdanyola del Vallès,U. Públ.,80.0,N/A,16
N/A,N/A,N/A,N/A,N/A,N/A,N/A,N/A,N/A,N/A,81019,Educació Social,UdG,Girona,U. Públ.,60.0,N/A,16
N/A,N/A,N/A,N/A,N/A,N/A,N/A,N/A,N/A,N/A,61013,Educació Social,UdL,Lleida,U. Públ.,80.0,N/A,16
N/A,N/A,N/A,N/A,N/A,N/A,N/A,N/A,N/A,N/A,71012,Educació Social,URV,Tarragona,U. Públ.,55.0,N/A,16
N/A,N/A,N/A,N/A,N/A,N/A,N/A,N/A,N/A,N/A,91010,Educació Social,UVic-UCC,Vic,U. Priv.,45.0,5.473 €,N/A
N/A,N/A,N/A,N/A,N/A,N/A,N/A,N/A,N/A,N/A,21087,Empresa i Tecnologia,UAB,Sabadell,U. Públ.,80.0,N/A,16
N/A,N/A,N/A,N/A,N/A,N/A,N/A,N/A,N/A,N/A,31126,"Empresa  Innovació i Tecnologia ""EUNCET"" (Campus 22@) (presencial)",UPC,Barcelona,U. Públ. CA,70.0,7.200 €,17
N/A,N/A,N/A,N/A,N/A,N/A,N/A,N/A,N/A,N/A,31125,"Empresa  Innovació i Tecnologia ""EUNCET"" (Campus 22@)(semipresencial)",UPC,Barcelona,U. Públ. CA,35.0,6.600 €,17
N/A,N/A,N/A,N/A,N/A,N/A,N/A,N/A,N/A,N/A,31128,"Empresa  Innovació i Tecnologia ""EUNCET"" (Campus Terrassa) (presencial)",UPC,Terrassa,U. Públ. CA,70.0,7.200 €,17
N/A,N/A,N/A,N/A,N/A,N/A,N/A,N/A,N/A,N/A,31127,"Empresa  Innovació i Tecnologia ""EUNCET"" (Campus Terrassa)(semipresencial)",UPC,Terrassa,U. Públ. CA,35.0,6.600 €,17
N/A,N/A,N/A,N/A,N/A,N/A,N/A,N/A,N/A,N/A,31129,"Empresa  Innovació i Tecnologia / Màrqueting  Innovació i Tecnologia""EUNCET"" (Campus 22@) (presencial) (simultaneïtat)",UPC,Barcelona,U. Públ. CA,35.0,7.200 €,04-17
N/A,N/A,N/A,N/A,N/A,N/A,N/A,N/A,N/A,N/A,31130,"Empresa  Innovació i Tecnologia / Màrqueting  Innovació i Tecnologia""EUNCET"" (Campus Terrassa) (presencial) (simultaneïtat)",UPC,Terrassa,U. Públ. CA,35.0,7.200 €,04-17
N/A,N/A,N/A,N/A,N/A,N/A,N/A,N/A,N/A,N/A,11073,Empresa Internacional (docència en Anglès),UB,Barcelona,U. Públ.,80.0,N/A,16
N/A,N/A,N/A,N/A,N/A,N/A,N/A,N/A,N/A,N/A,61006,Enginyeria Agrària i Alimentària,UdL,Lleida,U. Públ.,60.0,N/A,16
N/A,N/A,N/A,N/A,N/A,N/A,N/A,N/A,N/A,N/A,81032,Enginyeria Agroalimentària,UdG,Girona,U. Públ.,40.0,N/A,16
N/A,N/A,N/A,N/A,N/A,N/A,N/A,N/A,N/A,N/A,31004,Enginyeria Alimentària,UPC,Castelldefels,U. Públ.,55.0,N/A,21
N/A,N/A,N/A,N/A,N/A,N/A,N/A,N/A,N/A,N/A,31100,Enginyeria Ambiental,UPC,Barcelona  Castelldefels,U. Públ.,60.0,N/A,21
N/A,N/A,N/A,N/A,N/A,N/A,N/A,N/A,N/A,N/A,11059,Enginyeria Biomèdica,UB,Barcelona,U. Públ.,40.0,N/A,16
N/A,N/A,N/A,N/A,N/A,N/A,N/A,N/A,N/A,N/A,41033,Enginyeria Biomèdica,UPF,Barcelona,U. Públ.,40.0,N/A,21
N/A,N/A,N/A,N/A,N/A,N/A,N/A,N/A,N/A,N/A,31051,Enginyeria Biomèdica,UPC,Barcelona  Sant Adrià de Besòs,U. Públ.,55.0,N/A,21
N/A,N/A,N/A,N/A,N/A,N/A,N/A,N/A,N/A,N/A,81063,Enginyeria Biomèdica,UdG,Girona,U. Públ.,40.0,N/A,16
N/A,N/A,N/A,N/A,N/A,N/A,N/A,N/A,N/A,N/A,71064,Enginyeria Biomèdica,URV,Tarragona,U. Públ.,40.0,N/A,16
N/A,N/A,N/A,N/A,N/A,N/A,N/A,N/A,N/A,N/A,71070,Enginyeria Biomèdica / Enginyeria de Sistemes i Serveis deTelecomunicacions (simultaneïtat),URV,Tarragona,U. Públ.,10.0,N/A,04-16
N/A,N/A,N/A,N/A,N/A,N/A,N/A,N/A,N/A,N/A,31103,Enginyeria Civil,UPC,Barcelona,U. Públ.,120.0,N/A,21
N/A,N/A,N/A,N/A,N/A,N/A,N/A,N/A,N/A,N/A,31113,Enginyeria Civil  Grau en + Màster Universitari en Enginyeria de Camins Canals i Ports (PARS: Enginyer/a de Camins  Canals i Ports),UPC,Barcelona,U. Públ.,40.0,N/A,21-28
N/A,N/A,N/A,N/A,N/A,N/A,N/A,N/A,N/A,N/A,21132,"Enginyeria d'Automoció ""EU Salesiana de Sarrià""",UAB,Barcelona,U. Públ. CA,50.0,7.710 €,17
N/A,N/A,N/A,N/A,N/A,N/A,N/A,N/A,N/A,N/A,31091,Enginyeria d'Automoció (Campus Manresa),UPC,Manresa  Barcelona,U. Públ.,50.0,N/A,21
N/A,N/A,N/A,N/A,N/A,N/A,N/A,N/A,N/A,N/A,71061,Enginyeria de Bioprocessos Alimentaris,URV,Tarragona,U. Públ.,40.0,N/A,16
N/A,N/A,N/A,N/A,N/A,N/A,N/A,N/A,N/A,N/A,31097,Enginyeria de Ciències Agronòmiques,UPC,Castelldefels,U. Públ.,55.0,N/A,21
N/A,N/A,N/A,N/A,N/A,N/A,N/A,N/A,N/A,N/A,21118,Enginyeria de Dades,UAB,Cerdanyola del Vallès,U. Públ.,60.0,N/A,16
N/A,N/A,N/A,N/A,N/A,N/A,N/A,N/A,N/A,N/A,91057,"Enginyeria de Disseny Industrial ""ELISAVA""",UVic-UCC,Barcelona,U. Priv.,90.0,10.320 €,N/A
N/A,N/A,N/A,N/A,N/A,N/A,N/A,N/A,N/A,N/A,31022,Enginyeria de Disseny Industrial i Desenvolupament del Producte,UPC,Terrassa,U. Públ.,60.0,N/A,21
N/A,N/A,N/A,N/A,N/A,N/A,N/A,N/A,N/A,N/A,31006,Enginyeria de Disseny Industrial i Desenvolupament del Producte,UPC,Vilanova i la Geltrú,U. Públ.,100.0,N/A,21
N/A,N/A,N/A,N/A,N/A,N/A,N/A,N/A,N/A,N/A,91051,Enginyeria de l'Automoció,UVic-UCC,Granollers,U. Priv.,45.0,6.058 €,N/A
N/A,N/A,N/A,N/A,N/A,N/A,N/A,N/A,N/A,N/A,31052,Enginyeria de l'Energia,UPC,Barcelona  Sant Adrià de Besòs,U. Públ.,70.0,N/A,21
N/A,N/A,N/A,N/A,N/A,N/A,N/A,N/A,N/A,N/A,61061,Enginyeria de l'Energia i Sostenibilitat / Enginyeria en Electrònica Industrial iAutomàtica / Enginyeria Mecànica (agrupació),UdL,Lleida,U. Públ.,110.0,N/A,13-16
N/A,N/A,N/A,N/A,N/A,N/A,N/A,N/A,N/A,N/A,61075,Enginyeria de l'Energia i Sostenibilitat / Enginyeria en Electrònica Industrial iAutomàtica / Enginyeria Mecànica (agrupació) Grau en + Màster Universitarien Enginyeria Industrial (PARS: Enginyer/a Industrial),UdL,Lleida,U. Públ.,10.0,N/A,13-16-28
N/A,N/A,N/A,N/A,N/A,N/A,N/A,N/A,N/A,N/A,61065,Enginyeria de l'Energia i Sostenibilitat / Enginyeria Mecànica (simultaneïtat),UdL,Lleida,U. Públ.,10.0,N/A,04-16
N/A,N/A,N/A,N/A,N/A,N/A,N/A,N/A,N/A,N/A,11060,Enginyeria de Materials,UB,Barcelona,U. Públ.,40.0,N/A,16
N/A,N/A,N/A,N/A,N/A,N/A,N/A,N/A,N/A,N/A,31025,Enginyeria de Materials,UPC,Barcelona  Sant Adrià de Besòs,U. Públ.,40.0,N/A,21
N/A,N/A,N/A,N/A,N/A,N/A,N/A,N/A,N/A,N/A,31104,Enginyeria de Recursos Minerals i el seu Reciclatge / Enginyeria ElectrònicaIndustrial i Automàtica / Enginyeria Mecànica / Enginyeria Química(agrupació),UPC,Manresa,U. Públ.,180.0,N/A,08-21
N/A,N/A,N/A,N/A,N/A,N/A,N/A,N/A,N/A,N/A,31123,Enginyeria de Satèl·lits,UPC,Castelldefels,U. Públ.,40.0,N/A,21
N/A,N/A,N/A,N/A,N/A,N/A,N/A,N/A,N/A,N/A,31084,Enginyeria de Sistemes Aeroespacials,UPC,Castelldefels,U. Públ.,120.0,N/A,21
N/A,N/A,N/A,N/A,N/A,N/A,N/A,N/A,N/A,N/A,31085,Enginyeria de Sistemes Aeroespacials / Enginyeria de Sistemes deTelecomunicació - Enginyeria Telemàtica (agrupació de simultaneïtat),UPC,Castelldefels,U. Públ.,40.0,N/A,12-21
N/A,N/A,N/A,N/A,N/A,N/A,N/A,N/A,N/A,N/A,31010,Enginyeria de Sistemes Audiovisuals,UPC,Terrassa,U. Públ.,60.0,N/A,21
N/A,N/A,N/A,N/A,N/A,N/A,N/A,N/A,N/A,N/A,31011,Enginyeria de Sistemes Biològics,UPC,Castelldefels,U. Públ.,55.0,N/A,21
N/A,N/A,N/A,N/A,N/A,N/A,N/A,N/A,N/A,N/A,31085,Enginyeria de Sistemes de Telecomunicació - Enginyeria Telemàtica /Enginyeria de Sistemes Aeroespacials (agrupació de simultaneïtat),UPC,Castelldefels,U. Públ.,40.0,N/A,12-21
N/A,N/A,N/A,N/A,N/A,N/A,N/A,N/A,N/A,N/A,21115,Enginyeria de Sistemes de Telecomunicació / Enginyeria Electrònica deTelecomunicació (agrupació),UAB,Cerdanyola del Vallès,U. Públ.,140.0,N/A,13-16
N/A,N/A,N/A,N/A,N/A,N/A,N/A,N/A,N/A,N/A,21105,Enginyeria de Sistemes de Telecomunicació / Enginyeria Informàtica(simultaneïtat),UAB,Cerdanyola del Vallès,U. Públ.,20.0,N/A,04-16
N/A,N/A,N/A,N/A,N/A,N/A,N/A,N/A,N/A,N/A,31076,Enginyeria de Sistemes de Telecomunicació / Enginyeria Telemàtica (inclouxarxes i Internet) (agrupació),UPC,Castelldefels,U. Públ.,80.0,N/A,08-21
N/A,N/A,N/A,N/A,N/A,N/A,N/A,N/A,N/A,N/A,31077,Enginyeria de Sistemes de Telecomunicació / Enginyeria Telemàtica (inclouxarxes i Internet) (febrer) (agrupació),UPC,Castelldefels,U. Públ.,20.0,N/A,06-08-21
N/A,N/A,N/A,N/A,N/A,N/A,N/A,N/A,N/A,N/A,71042,Enginyeria de Sistemes i Serveis de Telecomunicacions,URV,Tarragona,U. Públ.,40.0,N/A,16
N/A,N/A,N/A,N/A,N/A,N/A,N/A,N/A,N/A,N/A,71070,Enginyeria de Sistemes i Serveis de Telecomunicacions / EnginyeriaBiomèdica (simultaneïtat),URV,Tarragona,U. Públ.,10.0,N/A,04-16
N/A,N/A,N/A,N/A,N/A,N/A,N/A,N/A,N/A,N/A,31065,Enginyeria de Sistemes TIC (àmbit d'Informàtica i Comunicacions),UPC,Manresa,U. Públ.,44.0,N/A,21
N/A,N/A,N/A,N/A,N/A,N/A,N/A,N/A,N/A,N/A,31015,Enginyeria de Tecnologia i Disseny Tèxtil / Enginyeria Elèctrica / EnginyeriaElectrònica Industrial i Automàtica / Enginyeria Mecànica / EnginyeriaQuímica (agrupació),UPC,Terrassa,U. Públ.,270.0,N/A,08-21
N/A,N/A,N/A,N/A,N/A,N/A,N/A,N/A,N/A,N/A,31086,Enginyeria de Tecnologies i Serveis de Telecomunicació,UPC,Barcelona,U. Públ.,180.0,N/A,21
N/A,N/A,N/A,N/A,N/A,N/A,N/A,N/A,N/A,N/A,31111,Enginyeria de Tecnologies i Serveis de Telecomunicació  Grau en + MàsterUniversitari en Enginyeria de Telecomunicació (PARS: Enginyer/a deTelecomunicació),UPC,Barcelona,U. Públ.,40.0,N/A,21-28
N/A,N/A,N/A,N/A,N/A,N/A,N/A,N/A,N/A,N/A,41020,Enginyeria de Xarxes de Telecomunicació,UPF,Barcelona,U. Públ.,40.0,N/A,21
N/A,N/A,N/A,N/A,N/A,N/A,N/A,N/A,N/A,N/A,41057,"Enginyeria d'Organització Industrial / Enginyeria Electrònica Industrial iAutomàtica / Enginyeria Mecànica ""Tecnocampus"" (agrupació)",UPF,Mataró,U. Públ. CA,80.0,5.930 €,08-17
N/A,N/A,N/A,N/A,N/A,N/A,N/A,N/A,N/A,N/A,31053,Enginyeria Elèctrica,UPC,Barcelona  Sant Adrià de Besòs,U. Públ.,80.0,N/A,21
N/A,N/A,N/A,N/A,N/A,N/A,N/A,N/A,N/A,N/A,81040,Enginyeria Elèctrica,UdG,Girona,U. Públ.,40.0,N/A,16
N/A,N/A,N/A,N/A,N/A,N/A,N/A,N/A,N/A,N/A,71037,Enginyeria Elèctrica,URV,Tarragona,U. Públ.,50.0,N/A,16
N/A,N/A,N/A,N/A,N/A,N/A,N/A,N/A,N/A,N/A,81050,Enginyeria Elèctrica / Enginyeria Electrònica Industrial i Automàtica(simultaneïtat),UdG,Girona,U. Públ.,15.0,N/A,04-16
N/A,N/A,N/A,N/A,N/A,N/A,N/A,N/A,N/A,N/A,71058,Enginyeria Elèctrica / Enginyeria Electrònica Industrial i Automàtica(simultaneïtat),URV,Tarragona,U. Públ.,10.0,N/A,04-16
N/A,N/A,N/A,N/A,N/A,N/A,N/A,N/A,N/A,N/A,31015,Enginyeria Elèctrica / Enginyeria Electrònica Industrial i Automàtica /Enginyeria Mecànica / Enginyeria Química / Enginyeria de Tecnologia iDisseny Tèxtil (agrupació),UPC,Terrassa,U. Públ.,270.0,N/A,08-21
N/A,N/A,N/A,N/A,N/A,N/A,N/A,N/A,N/A,N/A,31124,Enginyeria Elèctrica i Sistemes Ferroviaris / Enginyeria Electrònica Industriali Automàtica / Enginyeria Mecànica (Agrupació),UPC,Vilanova i la Geltrú,U. Públ.,200.0,N/A,21
N/A,N/A,N/A,N/A,N/A,N/A,N/A,N/A,N/A,N/A,11017,Enginyeria Electrònica de Telecomunicació,UB,Barcelona,U. Públ.,40.0,N/A,16
N/A,N/A,N/A,N/A,N/A,N/A,N/A,N/A,N/A,N/A,31099,Enginyeria Electrònica de Telecomunicació,UPC,Barcelona,U. Públ.,50.0,N/A,21
N/A,N/A,N/A,N/A,N/A,N/A,N/A,N/A,N/A,N/A,21115,Enginyeria Electrònica de Telecomunicació / Enginyeria de Sistemes deTelecomunicació (agrupació),UAB,Cerdanyola del Vallès,U. Públ.,140.0,N/A,13-16
N/A,N/A,N/A,N/A,N/A,N/A,N/A,N/A,N/A,N/A,21106,Enginyeria Electrònica de Telecomunicació / Enginyeria Informàtica(simultaneïtat),UAB,Cerdanyola del Vallès,U. Públ.,20.0,N/A,04-16
N/A,N/A,N/A,N/A,N/A,N/A,N/A,N/A,N/A,N/A,21025,"Enginyeria Electrònica Industrial i Automàtica ""EU Salesiana de Sarrià""",UAB,Barcelona,U. Públ. CA,35.0,7.710 €,17
N/A,N/A,N/A,N/A,N/A,N/A,N/A,N/A,N/A,N/A,31054,Enginyeria Electrònica Industrial i Automàtica,UPC,Barcelona  Sant Adrià de Besòs,U. Públ.,135.0,N/A,21
N/A,N/A,N/A,N/A,N/A,N/A,N/A,N/A,N/A,N/A,81021,Enginyeria Electrònica Industrial i Automàtica,UdG,Girona,U. Públ.,50.0,N/A,16
N/A,N/A,N/A,N/A,N/A,N/A,N/A,N/A,N/A,N/A,71038,Enginyeria Electrònica Industrial i Automàtica,URV,Tarragona,U. Públ.,80.0,N/A,16
N/A,N/A,N/A,N/A,N/A,N/A,N/A,N/A,N/A,N/A,81050,Enginyeria Electrònica Industrial i Automàtica / Enginyeria Elèctrica(simultaneïtat),UdG,Girona,U. Públ.,15.0,N/A,04-16
N/A,N/A,N/A,N/A,N/A,N/A,N/A,N/A,N/A,N/A,71058,Enginyeria Electrònica Industrial i Automàtica / Enginyeria Elèctrica(simultaneïtat),URV,Tarragona,U. Públ.,10.0,N/A,04-16
N/A,N/A,N/A,N/A,N/A,N/A,N/A,N/A,N/A,N/A,21112,"Enginyeria Electrònica Industrial i Automàtica / Enginyeria Mecànica ""EUSalesiana de Sarrià"" (simultaneïtat)",UAB,Barcelona,U. Públ. CA,15.0,7.710 €,04-17
N/A,N/A,N/A,N/A,N/A,N/A,N/A,N/A,N/A,N/A,41057,"Enginyeria Electrònica Industrial i Automàtica / Enginyeria Mecànica /Enginyeria d'Organització Industrial ""Tecnocampus"" (agrupació)",UPF,Mataró,U. Públ. CA,80.0,5.930 €,08-17
N/A,N/A,N/A,N/A,N/A,N/A,N/A,N/A,N/A,N/A,31124,Enginyeria Electrònica Industrial i Automàtica / Enginyeria Mecànica /Enginyeria Elèctrica i Sistemes Ferroviaris (Agrupació),UPC,Vilanova i la Geltrú,U. Públ.,200.0,N/A,21
N/A,N/A,N/A,N/A,N/A,N/A,N/A,N/A,N/A,N/A,31104,Enginyeria Electrònica Industrial i Automàtica / Enginyeria Mecànica /Enginyeria Química / Enginyeria de Recursos Minerals i el seu Reciclatge(agrupació),UPC,Manresa,U. Públ.,180.0,N/A,08-21
N/A,N/A,N/A,N/A,N/A,N/A,N/A,N/A,N/A,N/A,31015,Enginyeria Electrònica Industrial i Automàtica / Enginyeria Mecànica /Enginyeria Química / Enginyeria de Tecnologia i Disseny Tèxtil / EnginyeriaElèctrica (agrupació),UPC,Terrassa,U. Públ.,270.0,N/A,08-21
N/A,N/A,N/A,N/A,N/A,N/A,N/A,N/A,N/A,N/A,61061,Enginyeria en Electrònica Industrial i Automàtica / Enginyeria Mecànica /Enginyeria de l'Energia i Sostenibilitat (agrupació),UdL,Lleida,U. Públ.,110.0,N/A,13-16
N/A,N/A,N/A,N/A,N/A,N/A,N/A,N/A,N/A,N/A,61075,Enginyeria en Electrònica Industrial i Automàtica / Enginyeria Mecànica /Enginyeria de l'Energia i Sostenibilitat (agrupació) Grau en + MàsterUniversitari en Enginyeria Industrial (PARS: Enginyer/a Industrial),UdL,Lleida,U. Públ.,10.0,N/A,13-16-28
N/A,N/A,N/A,N/A,N/A,N/A,N/A,N/A,N/A,N/A,21127,"Enginyeria en Energies Renovables i Eficiència Energètica ""EU Salesiana deSarrià""",UAB,Barcelona,U. Públ. CA,30.0,7.710 €,17
N/A,N/A,N/A,N/A,N/A,N/A,N/A,N/A,N/A,N/A,31087,Enginyeria en Geoinformació i Geomàtica,UPC,Barcelona,U. Públ.,40.0,N/A,21
N/A,N/A,N/A,N/A,N/A,N/A,N/A,N/A,N/A,N/A,41019,Enginyeria en Informàtica,UPF,Barcelona,U. Públ.,55.0,N/A,21
N/A,N/A,N/A,N/A,N/A,N/A,N/A,N/A,N/A,N/A,21022,"Enginyeria en Organització Industrial ""EU Salesiana de Sarrià""",UAB,Barcelona,U. Públ. CA,45.0,7.710 €,17
N/A,N/A,N/A,N/A,N/A,N/A,N/A,N/A,N/A,N/A,61070,Enginyeria en Organització Industrial i Logística / Administració i Direcciód'Empreses (simultaneïtat),UdL,Igualada,U. Públ.,10.0,N/A,04-16
N/A,N/A,N/A,N/A,N/A,N/A,N/A,N/A,N/A,N/A,61060,Enginyeria en Organització Industrial i Logística / Enginyeria Química(agrupació),UdL,Igualada,U. Públ.,50.0,N/A,13-16
N/A,N/A,N/A,N/A,N/A,N/A,N/A,N/A,N/A,N/A,41018,Enginyeria en Sistemes Audiovisuals,UPF,Barcelona,U. Públ.,55.0,N/A,21
N/A,N/A,N/A,N/A,N/A,N/A,N/A,N/A,N/A,N/A,31049,Enginyeria en Sistemes i Tecnologia Naval,UPC,Barcelona,U. Públ.,60.0,N/A,21
N/A,N/A,N/A,N/A,N/A,N/A,N/A,N/A,N/A,N/A,31112,Enginyeria en Tecnologies Aeroespacials  Grau en + Màster Universitari enEnginyeria Aeronàutica (PARS: Enginyer/a Aeronàutic/a),UPC,Terrassa,U. Públ.,60.0,N/A,21-28
N/A,N/A,N/A,N/A,N/A,N/A,N/A,N/A,N/A,N/A,81041,Enginyeria en Tecnologies Industrials,UdG,Girona,U. Públ.,70.0,N/A,16
N/A,N/A,N/A,N/A,N/A,N/A,N/A,N/A,N/A,N/A,81046,Enginyeria en Tecnologies Industrials / Administració i Direcció d'Empreses(simultaneïtat),UdG,Girona,U. Públ.,15.0,N/A,04-16
N/A,N/A,N/A,N/A,N/A,N/A,N/A,N/A,N/A,N/A,31114,Enginyeria en Tecnologies Industrials  Grau en + Màster Universitari enEnginyeria Industrial (PARS: Enginyer/a Industrial),UPC,Terrassa,U. Públ.,180.0,N/A,21-28
N/A,N/A,N/A,N/A,N/A,N/A,N/A,N/A,N/A,N/A,31115,Enginyeria en Tecnologies Industrials  Grau en + Màster Universitari enEnginyeria Industrial (PARS: Enginyer/a Industrial),UPC,Barcelona,U. Públ.,400.0,N/A,21-28
N/A,N/A,N/A,N/A,N/A,N/A,N/A,N/A,N/A,N/A,31031,Enginyeria en Vehicles Aeroespacials,UPC,Terrassa,U. Públ.,60.0,N/A,21
N/A,N/A,N/A,N/A,N/A,N/A,N/A,N/A,N/A,N/A,31067,Enginyeria Física,UPC,Barcelona,U. Públ.,44.0,N/A,21
N/A,N/A,N/A,N/A,N/A,N/A,N/A,N/A,N/A,N/A,61014,Enginyeria Forestal,UdL,Lleida,U. Públ.,40.0,N/A,16
N/A,N/A,N/A,N/A,N/A,N/A,N/A,N/A,N/A,N/A,61042,Enginyeria Forestal / Conservació de la Natura (simultaneïtat),UdL,Lleida,U. Públ.,25.0,N/A,04-16
N/A,N/A,N/A,N/A,N/A,N/A,N/A,N/A,N/A,N/A,11018,Enginyeria Informàtica,UB,Barcelona,U. Públ.,70.0,N/A,16
N/A,N/A,N/A,N/A,N/A,N/A,N/A,N/A,N/A,N/A,31059,Enginyeria Informàtica,UPC,Barcelona,U. Públ.,360.0,N/A,21
N/A,N/A,N/A,N/A,N/A,N/A,N/A,N/A,N/A,N/A,21071,Enginyeria Informàtica,UAB,Cerdanyola del Vallès,U. Públ.,190.0,N/A,16
N/A,N/A,N/A,N/A,N/A,N/A,N/A,N/A,N/A,N/A,81042,Enginyeria Informàtica,UdG,Girona,U. Públ.,100.0,N/A,16
N/A,N/A,N/A,N/A,N/A,N/A,N/A,N/A,N/A,N/A,61074,Enginyeria Informàtica,UdL,Igualada,U. Públ.,35.0,N/A,16
N/A,N/A,N/A,N/A,N/A,N/A,N/A,N/A,N/A,N/A,61015,Enginyeria Informàtica,UdL,Lleida,U. Públ.,60.0,N/A,16
N/A,N/A,N/A,N/A,N/A,N/A,N/A,N/A,N/A,N/A,71039,Enginyeria Informàtica,URV,Tarragona,U. Públ.,110.0,N/A,16
N/A,N/A,N/A,N/A,N/A,N/A,N/A,N/A,N/A,N/A,31037,Enginyeria Informàtica,UPC,Vilanova i la Geltrú,U. Públ.,55.0,N/A,21
N/A,N/A,N/A,N/A,N/A,N/A,N/A,N/A,N/A,N/A,31116,Enginyeria Informàtica  Grau en + Màster Universitari en EnginyeriaInformàtica (PARS: Enginyer/a Informàtic/a),UPC,Barcelona,U. Públ.,40.0,N/A,21-28
N/A,N/A,N/A,N/A,N/A,N/A,N/A,N/A,N/A,N/A,61076,Enginyeria Informàtica  Grau en + Màster Universitari en EnginyeriaInformàtica (PARS: Enginyer/a Informàtic/a),UdL,Lleida,U. Públ.,10.0,N/A,16-28
N/A,N/A,N/A,N/A,N/A,N/A,N/A,N/A,N/A,N/A,61036,Enginyeria Informàtica / Administració i Direcció d'Empreses (simultaneïtat),UdL,Lleida,U. Públ.,10.0,N/A,04-16
N/A,N/A,N/A,N/A,N/A,N/A,N/A,N/A,N/A,N/A,71056,Enginyeria Informàtica / Biotecnologia (simultaneïtat),URV,Tarragona,U. Públ.,10.0,N/A,04-16
N/A,N/A,N/A,N/A,N/A,N/A,N/A,N/A,N/A,N/A,21105,Enginyeria Informàtica / Enginyeria de Sistemes de Telecomunicació(simultaneïtat),UAB,Cerdanyola del Vallès,U. Públ.,20.0,N/A,04-16
N/A,N/A,N/A,N/A,N/A,N/A,N/A,N/A,N/A,N/A,21106,Enginyeria Informàtica / Enginyeria Electrònica de Telecomunicació(simultaneïtat),UAB,Cerdanyola del Vallès,U. Públ.,20.0,N/A,04-16
N/A,N/A,N/A,N/A,N/A,N/A,N/A,N/A,N/A,N/A,11016,Enginyeria Informàtica / Matemàtiques (simultaneïtat),UB,Barcelona,U. Públ.,20.0,N/A,04-16
N/A,N/A,N/A,N/A,N/A,N/A,N/A,N/A,N/A,N/A,41047,"Enginyeria Informàtica de Gestió i Sistemes d'Informació ""Tecnocampus""",UPF,Mataró,U. Públ. CA,50.0,5.930 €,17
N/A,N/A,N/A,N/A,N/A,N/A,N/A,N/A,N/A,N/A,41052,"Enginyeria Informàtica de Gestió i Sistemes d'Informació / Disseny iProducció de Videojocs ""Tecnocampus"" (simultaneïtat)",UPF,Mataró,U. Públ. CA,30.0,7.480 €,04-17
N/A,N/A,N/A,N/A,N/A,N/A,N/A,N/A,N/A,N/A,41056,Enginyeria Matemàtica en Ciència de Dades,UPF,Barcelona,U. Públ.,40.0,N/A,21
N/A,N/A,N/A,N/A,N/A,N/A,N/A,N/A,N/A,N/A,71081,Enginyeria Matemàtica i Física,URV,Tarragona,U. Públ.,20.0,N/A,16
N/A,N/A,N/A,N/A,N/A,N/A,N/A,N/A,N/A,N/A,21026,"Enginyeria Mecànica ""EU Salesiana de Sarrià""",UAB,Barcelona,U. Públ. CA,40.0,7.710 €,17
N/A,N/A,N/A,N/A,N/A,N/A,N/A,N/A,N/A,N/A,31027,Enginyeria Mecànica,UPC,Barcelona  Sant Adrià de Besòs,U. Públ.,235.0,N/A,21
N/A,N/A,N/A,N/A,N/A,N/A,N/A,N/A,N/A,N/A,81022,Enginyeria Mecànica,UdG,Girona,U. Públ.,90.0,N/A,16
N/A,N/A,N/A,N/A,N/A,N/A,N/A,N/A,N/A,N/A,71040,Enginyeria Mecànica,URV,Tarragona,U. Públ.,65.0,N/A,16
N/A,N/A,N/A,N/A,N/A,N/A,N/A,N/A,N/A,N/A,61065,Enginyeria Mecànica / Enginyeria de l'Energia i Sostenibilitat (simultaneïtat),UdL,Lleida,U. Públ.,10.0,N/A,04-16
N/A,N/A,N/A,N/A,N/A,N/A,N/A,N/A,N/A,N/A,61061,Enginyeria Mecànica / Enginyeria de l'Energia i Sostenibilitat / Enginyeria enElectrònica Industrial i Automàtica (agrupació),UdL,Lleida,U. Públ.,110.0,N/A,13-16
N/A,N/A,N/A,N/A,N/A,N/A,N/A,N/A,N/A,N/A,61075,Enginyeria Mecànica / Enginyeria de l'Energia i Sostenibilitat / Enginyeria enElectrònica Industrial i Automàtica (agrupació) Grau en + Màster Universitarien Enginyeria Industrial (PARS: Enginyer/a Industrial),UdL,Lleida,U. Públ.,10.0,N/A,13-16-28
N/A,N/A,N/A,N/A,N/A,N/A,N/A,N/A,N/A,N/A,41057,"Enginyeria Mecànica / Enginyeria d'Organització Industrial / EnginyeriaElectrònica Industrial i Automàtica ""Tecnocampus"" (agrupació)",UPF,Mataró,U. Públ. CA,80.0,5.930 €,08-17
N/A,N/A,N/A,N/A,N/A,N/A,N/A,N/A,N/A,N/A,31124,Enginyeria Mecànica / Enginyeria Elèctrica i Sistemes Ferroviaris /Enginyeria Electrònica Industrial i Automàtica (Agrupació),UPC,Vilanova i la Geltrú,U. Públ.,200.0,N/A,21
N/A,N/A,N/A,N/A,N/A,N/A,N/A,N/A,N/A,N/A,21112,"Enginyeria Mecànica / Enginyeria Electrònica Industrial i Automàtica ""EUSalesiana de Sarrià"" (simultaneïtat)",UAB,Barcelona,U. Públ. CA,15.0,7.710 €,04-17
N/A,N/A,N/A,N/A,N/A,N/A,N/A,N/A,N/A,N/A,31104,Enginyeria Mecànica / Enginyeria Química / Enginyeria de RecursosMinerals i el seu Reciclatge / Enginyeria Electrònica Industrial i Automàtica(agrupació),UPC,Manresa,U. Públ.,180.0,N/A,08-21
N/A,N/A,N/A,N/A,N/A,N/A,N/A,N/A,N/A,N/A,31015,Enginyeria Mecànica / Enginyeria Química / Enginyeria de Tecnologia iDisseny Tèxtil / Enginyeria Elèctrica / Enginyeria Electrònica Industrial iAutomàtica (agrupació),UPC,Terrassa,U. Públ.,270.0,N/A,08-21
N/A,N/A,N/A,N/A,N/A,N/A,N/A,N/A,N/A,N/A,91011,Enginyeria Mecatrònica,UVic-UCC,Vic,U. Priv.,45.0,6.058 €,N/A
N/A,N/A,N/A,N/A,N/A,N/A,N/A,N/A,N/A,N/A,11019,Enginyeria Química,UB,Barcelona,U. Públ.,70.0,N/A,16
N/A,N/A,N/A,N/A,N/A,N/A,N/A,N/A,N/A,N/A,31055,Enginyeria Química,UPC,Barcelona  Sant Adrià de Besòs,U. Públ.,100.0,N/A,21
N/A,N/A,N/A,N/A,N/A,N/A,N/A,N/A,N/A,N/A,21090,Enginyeria Química,UAB,Cerdanyola del Vallès,U. Públ.,80.0,N/A,16
N/A,N/A,N/A,N/A,N/A,N/A,N/A,N/A,N/A,N/A,81023,Enginyeria Química,UdG,Girona,U. Públ.,40.0,N/A,16
N/A,N/A,N/A,N/A,N/A,N/A,N/A,N/A,N/A,N/A,71041,Enginyeria Química,URV,Tarragona,U. Públ.,80.0,N/A,16
N/A,N/A,N/A,N/A,N/A,N/A,N/A,N/A,N/A,N/A,31104,Enginyeria Química / Enginyeria de Recursos Minerals i el seu Reciclatge /Enginyeria Electrònica Industrial i Automàtica / Enginyeria Mecànica(agrupació),UPC,Manresa,U. Públ.,180.0,N/A,08-21
N/A,N/A,N/A,N/A,N/A,N/A,N/A,N/A,N/A,N/A,31015,Enginyeria Química / Enginyeria de Tecnologia i Disseny Tèxtil / EnginyeriaElèctrica / Enginyeria Electrònica Industrial i Automàtica / EnginyeriaMecànica (agrupació),UPC,Terrassa,U. Públ.,270.0,N/A,08-21
N/A,N/A,N/A,N/A,N/A,N/A,N/A,N/A,N/A,N/A,61060,Enginyeria Química / Enginyeria en Organització Industrial i Logística(agrupació),UdL,Igualada,U. Públ.,50.0,N/A,13-16
N/A,N/A,N/A,N/A,N/A,N/A,N/A,N/A,N/A,N/A,31076,Enginyeria Telemàtica / Enginyeria de Sistemes de Telecomunicació (inclouxarxes i Internet) (agrupació),UPC,Castelldefels,U. Públ.,80.0,N/A,08-21
N/A,N/A,N/A,N/A,N/A,N/A,N/A,N/A,N/A,N/A,31077,Enginyeria Telemàtica / Enginyeria de Sistemes de Telecomunicació (inclouxarxes i Internet) (febrer) (agrupació),UPC,Castelldefels,U. Públ.,20.0,N/A,06-08-21
N/A,N/A,N/A,N/A,N/A,N/A,N/A,N/A,N/A,N/A,31085,Enginyeria Telemàtica - Enginyeria de Sistemes de Telecomunicació  /Enginyeria de Sistemes Aeroespacials (agrupació de simultaneïtat),UPC,Castelldefels,U. Públ.,40.0,N/A,12-21
N/A,N/A,N/A,N/A,N/A,N/A,N/A,N/A,N/A,N/A,71013,Enologia,URV,Tarragona,U. Públ.,35.0,N/A,16
N/A,N/A,N/A,N/A,N/A,N/A,N/A,N/A,N/A,N/A,91902,Estadística,UB / UPC,Barcelona,U. Públ.,50.0,N/A,16-23
N/A,N/A,N/A,N/A,N/A,N/A,N/A,N/A,N/A,N/A,91914,Estadística / Economia (simultaneïtat),UB / UPC,Barcelona,U. Públ.,20.0,N/A,16 -23
N/A,N/A,N/A,N/A,N/A,N/A,N/A,N/A,N/A,N/A,21128,Estadística Aplicada,UAB,Cerdanyola del Vallès,U. Públ.,40.0,N/A,16
N/A,N/A,N/A,N/A,N/A,N/A,N/A,N/A,N/A,N/A,21129,Estadística Aplicada / Sociologia (simultaneïtat),UAB,Cerdanyola del Vallès,U. Públ.,20.0,N/A,04-16
N/A,N/A,N/A,N/A,N/A,N/A,N/A,N/A,N/A,N/A,11021,Estudis Anglesos (docència en Anglès),UB,Barcelona,U. Públ.,160.0,N/A,16
N/A,N/A,N/A,N/A,N/A,N/A,N/A,N/A,N/A,N/A,21135,Estudis Anglesos,UAB,Cerdanyola del Vallès,U. Públ.,80.0,N/A,16
N/A,N/A,N/A,N/A,N/A,N/A,N/A,N/A,N/A,N/A,61054,Estudis Anglesos,UdL,Lleida,U. Públ.,40.0,N/A,16
N/A,N/A,N/A,N/A,N/A,N/A,N/A,N/A,N/A,N/A,61051,Estudis Anglesos / Llengües Aplicades i Traducció (simultaneïtat),UdL,Lleida,U. Públ.,10.0,N/A,04-16
N/A,N/A,N/A,N/A,N/A,N/A,N/A,N/A,N/A,N/A,11094,Estudis Àrabs i Hebreus,UB,Barcelona,U. Públ.,40.0,N/A,16
N/A,N/A,N/A,N/A,N/A,N/A,N/A,N/A,N/A,N/A,21140,Estudis d'Anglès i Català,UAB,Cerdanyola del Vallès,U. Públ.,30.0,N/A,16
N/A,N/A,N/A,N/A,N/A,N/A,N/A,N/A,N/A,N/A,21141,Estudis d'Anglès i de Clàssiques,UAB,Cerdanyola del Vallès,U. Públ.,30.0,N/A,16
N/A,N/A,N/A,N/A,N/A,N/A,N/A,N/A,N/A,N/A,21142,Estudis d'Anglès i Espanyol,UAB,Cerdanyola del Vallès,U. Públ.,30.0,N/A,16
N/A,N/A,N/A,N/A,N/A,N/A,N/A,N/A,N/A,N/A,21143,Estudis d'Anglès i Francès,UAB,Cerdanyola del Vallès,U. Públ.,30.0,N/A,16
N/A,N/A,N/A,N/A,N/A,N/A,N/A,N/A,N/A,N/A,21030,Estudis d'Àsia Oriental -Japonès-,UAB,Cerdanyola del Vallès,U. Públ.,40.0,N/A,16
N/A,N/A,N/A,N/A,N/A,N/A,N/A,N/A,N/A,N/A,21067,Estudis d'Àsia Oriental -Xinès-,UAB,Cerdanyola del Vallès,U. Públ.,40.0,N/A,16
N/A,N/A,N/A,N/A,N/A,N/A,N/A,N/A,N/A,N/A,21144,Estudis de Català i Espanyol,UAB,Cerdanyola del Vallès,U. Públ.,30.0,N/A,16
N/A,N/A,N/A,N/A,N/A,N/A,N/A,N/A,N/A,N/A,21133,Estudis d'Espanyol i Xinès: Llengua  Literatura i Cultura,UAB,Cerdanyola del Vallès,U. Públ.,40.0,N/A,01-16
N/A,N/A,N/A,N/A,N/A,N/A,N/A,N/A,N/A,N/A,41065,Estudis Globals,UPF,Barcelona,U. Públ.,40.0,N/A,21
N/A,N/A,N/A,N/A,N/A,N/A,N/A,N/A,N/A,N/A,41066,Estudis Globals (Només per a estudiants amb uns estudis de batxillerat oequivalent que NO pertanyin a sistemes educatius de la Unió Europea nid'altres estats amb acords de reciprocitats),UPF,Barcelona,U. Públ.,30.0,N/A,21-24
N/A,N/A,N/A,N/A,N/A,N/A,N/A,N/A,N/A,N/A,81084,Estudis Globals / Global Studies (docència en Anglès),UdG,Girona,U. Públ.,40.0,N/A,16
N/A,N/A,N/A,N/A,N/A,N/A,N/A,N/A,N/A,N/A,91062,Estudis Globals / Global Studies (docència en Anglès),UVic-UCC,Vic,U. Priv.,40.0,6.058 €,01
N/A,N/A,N/A,N/A,N/A,N/A,N/A,N/A,N/A,N/A,81085,Estudis Globals / Global Studies (docència en Anglès) / Turisme(simultaneïtat),UdG,Girona,U. Públ.,20.0,N/A,16
N/A,N/A,N/A,N/A,N/A,N/A,N/A,N/A,N/A,N/A,41022,Estudis Internacionals d'Economia i Empresa - International BusinessEconomics (docència en Anglès),UPF,Barcelona,U. Públ.,90.0,N/A,21
N/A,N/A,N/A,N/A,N/A,N/A,N/A,N/A,N/A,N/A,21148,Estudis Socioculturals de Gènere,UAB,Cerdanyola del Vallès,U. Públ.,60.0,N/A,16
N/A,N/A,N/A,N/A,N/A,N/A,N/A,N/A,N/A,N/A,11023,Estudis Literaris,UB,Barcelona,U. Públ.,100.0,N/A,16
N/A,N/A,N/A,N/A,N/A,N/A,N/A,N/A,N/A,N/A,11024,Farmàcia,UB,Barcelona,U. Públ.,340.0,N/A,16
N/A,N/A,N/A,N/A,N/A,N/A,N/A,N/A,N/A,N/A,11075,Farmàcia / Nutrició Humana i Dietètica (simultaneïtat),UB,Barcelona  Santa Coloma deGramenet,U. Públ.,20.0,N/A,04-16
N/A,N/A,N/A,N/A,N/A,N/A,N/A,N/A,N/A,N/A,11025,Filologia Catalana,UB,Barcelona,U. Públ.,70.0,N/A,16
N/A,N/A,N/A,N/A,N/A,N/A,N/A,N/A,N/A,N/A,81070,Filologia Catalana,UdG,Girona,U. Públ.,40.0,N/A,16
N/A,N/A,N/A,N/A,N/A,N/A,N/A,N/A,N/A,N/A,21134,Filologia Catalana: Estudis de Literatura i Lingüística,UAB,Cerdanyola del Vallès,U. Públ.,40.0,N/A,16
N/A,N/A,N/A,N/A,N/A,N/A,N/A,N/A,N/A,N/A,61055,Filologia Catalana i Estudis Occitans,UdL,Lleida,U. Públ.,20.0,N/A,16
N/A,N/A,N/A,N/A,N/A,N/A,N/A,N/A,N/A,N/A,81080,Filologia Catalana / Filologia Hispànica (simultaneïtat),UdG,Girona,U. Públ.,10.0,N/A,16
N/A,N/A,N/A,N/A,N/A,N/A,N/A,N/A,N/A,N/A,61058,Filologia Catalana i Estudis Occitans / Llengües Aplicades i Traducció(simultaneïtat),UdL,Lleida,U. Públ.,10.0,N/A,04-16
N/A,N/A,N/A,N/A,N/A,N/A,N/A,N/A,N/A,N/A,11026,Filologia Clàssica,UB,Barcelona,U. Públ.,60.0,N/A,16
N/A,N/A,N/A,N/A,N/A,N/A,N/A,N/A,N/A,N/A,11027,Filologia Hispànica,UB,Barcelona,U. Públ.,120.0,N/A,16
N/A,N/A,N/A,N/A,N/A,N/A,N/A,N/A,N/A,N/A,81071,Filologia Hispànica,UdG,Girona,U. Públ.,40.0,N/A,16
N/A,N/A,N/A,N/A,N/A,N/A,N/A,N/A,N/A,N/A,61079,Filologia Hispànica,UdL,Lleida,U. Públ.,25.0,N/A,16
N/A,N/A,N/A,N/A,N/A,N/A,N/A,N/A,N/A,N/A,81080,Filologia Hispànica / Filologia Catalana (simultaneïtat),UdG,Girona,U. Públ.,10.0,N/A,16
N/A,N/A,N/A,N/A,N/A,N/A,N/A,N/A,N/A,N/A,61080,Filologia Hispànica / Llengües Aplicades i Traducció (simultaneïtat),UdL,Lleida,U. Públ.,10.0,N/A,04-16
N/A,N/A,N/A,N/A,N/A,N/A,N/A,N/A,N/A,N/A,11061,Filosofia,UB,Barcelona,U. Públ.,200.0,N/A,16
N/A,N/A,N/A,N/A,N/A,N/A,N/A,N/A,N/A,N/A,21032,Filosofia,UAB,Cerdanyola del Vallès,U. Públ.,70.0,N/A,16
N/A,N/A,N/A,N/A,N/A,N/A,N/A,N/A,N/A,N/A,81072,Filosofia,UdG,Girona,U. Públ.,35.0,N/A,16
N/A,N/A,N/A,N/A,N/A,N/A,N/A,N/A,N/A,N/A,81069,Filosofia / Economia (simultaneïtat),UdG,Girona,U. Públ.,10.0,N/A,04-16
N/A,N/A,N/A,N/A,N/A,N/A,N/A,N/A,N/A,N/A,41042,Filosofia  Política i Economia,UPF / UAB /UAM / UC3M,Barcelona  Cerdanyola del Vallès,U. Públ.,30.0,N/A,10-21
N/A,N/A,N/A,N/A,N/A,N/A,N/A,N/A,N/A,N/A,71014,Finances i Comptabilitat,URV,Reus,U. Públ.,115.0,N/A,16
N/A,N/A,N/A,N/A,N/A,N/A,N/A,N/A,N/A,N/A,71053,Finances i Comptabilitat / Administració i Direcció d'Empreses (simultaneïtat),URV,Reus,U. Públ.,30.0,N/A,04-16
N/A,N/A,N/A,N/A,N/A,N/A,N/A,N/A,N/A,N/A,11030,Física,UB,Barcelona,U. Públ.,162.0,N/A,16
N/A,N/A,N/A,N/A,N/A,N/A,N/A,N/A,N/A,N/A,21001,Física,UAB,Cerdanyola del Vallès,U. Públ.,70.0,N/A,16
N/A,N/A,N/A,N/A,N/A,N/A,N/A,N/A,N/A,N/A,11020,Física / Matemàtiques (simultaneïtat),UB,Barcelona,U. Públ.,20.0,N/A,04-16
N/A,N/A,N/A,N/A,N/A,N/A,N/A,N/A,N/A,N/A,21005,Física / Matemàtiques (simultaneïtat),UAB,Cerdanyola del Vallès,U. Públ.,20.0,N/A,04-16
N/A,N/A,N/A,N/A,N/A,N/A,N/A,N/A,N/A,N/A,21100,Física / Química (simultaneïtat),UAB,Cerdanyola del Vallès,U. Públ.,20.0,N/A,04-16
N/A,N/A,N/A,N/A,N/A,N/A,N/A,N/A,N/A,N/A,21095,Fisioteràpia,UAB,Cerdanyola del Vallès,U. Públ.,80.0,N/A,16
N/A,N/A,N/A,N/A,N/A,N/A,N/A,N/A,N/A,N/A,61019,Fisioteràpia,UdL,Lleida,U. Públ.,25.0,N/A,16
N/A,N/A,N/A,N/A,N/A,N/A,N/A,N/A,N/A,N/A,41055,"Fisioteràpia ""Tecnocampus""",UPF,Mataró,U. Públ. CA,40.0,6.640 €,17
N/A,N/A,N/A,N/A,N/A,N/A,N/A,N/A,N/A,N/A,91041,Fisioteràpia (Campus Manresa),UVic-UCC,Manresa,U. Priv.,160.0,6.177 €,N/A
N/A,N/A,N/A,N/A,N/A,N/A,N/A,N/A,N/A,N/A,71043,Fisioteràpia,URV,Reus,U. Públ.,80.0,N/A,16
N/A,N/A,N/A,N/A,N/A,N/A,N/A,N/A,N/A,N/A,91918,Fisioteràpia (docència en Anglès) (només per a estudiants espanyols oestrangers amb residència),UdG / UB,L'Hospitalet de Llobregat,U. Públ. CA,18.0,7.815 €,17
N/A,N/A,N/A,N/A,N/A,N/A,N/A,N/A,N/A,N/A,91919,Fisioteràpia (docència en Anglès) (només per a estudiants sense nacionalitatespanyola ni residència a l'Estat Espanyol),UdG / UB,L'Hospitalet de Llobregat,U. Públ. CA,42.0,7.815 €,17
N/A,N/A,N/A,N/A,N/A,N/A,N/A,N/A,N/A,N/A,81087,"Fisioteràpia ""EUSES""",UdG,Salt,U. Públ. CA,165.0,7.335 €,17
N/A,N/A,N/A,N/A,N/A,N/A,N/A,N/A,N/A,N/A,21033,"Fisioteràpia ""Gimbernat""",UAB,Sant Cugat del Vallès,U. Públ. CA,240.0,7.430 €,17
N/A,N/A,N/A,N/A,N/A,N/A,N/A,N/A,N/A,N/A,71048,Fisioteràpia,URV,Tortosa,U. Públ. CA,60.0,7.485 €,17
N/A,N/A,N/A,N/A,N/A,N/A,N/A,N/A,N/A,N/A,91012,Fisioteràpia,UVic-UCC,Vic,U. Priv.,160.0,6.380 €,N/A
N/A,N/A,N/A,N/A,N/A,N/A,N/A,N/A,N/A,N/A,61039,Fisioteràpia / Ciències de l'Activitat Física i de l'Esport (simultaneïtat),UdL,Lleida,U. Públ.,25.0,N/A,04-16
N/A,N/A,N/A,N/A,N/A,N/A,N/A,N/A,N/A,N/A,41037,"Fisioteràpia / Ciències de l'Activitat Física i de l'Esport ""Tecnocampus""(simultaneïtat)",UPF,Mataró,U. Públ. CA,40.0,8.850 €,04-17
N/A,N/A,N/A,N/A,N/A,N/A,N/A,N/A,N/A,N/A,81086,"Fisioteràpia / Ciències de l'Activitat Física i de l'Esport ""EUSES""(simultaneïtat)",UdG,Salt,U. Públ. CA,10.0,9.984 €,04-17
N/A,N/A,N/A,N/A,N/A,N/A,N/A,N/A,N/A,N/A,71088,"Fisioteràpia / Ciències de l'Activitat Física i de l'Esport ""EUSES""(simultaneïtat)",URV,Tortosa  Amposta,U. Públ. CA,10.0,10.133 €,04-17
N/A,N/A,N/A,N/A,N/A,N/A,N/A,N/A,N/A,N/A,61044,Fisioteràpia / Infermeria (simultaneïtat),UdL,Lleida,U. Públ.,25.0,N/A,04-16
N/A,N/A,N/A,N/A,N/A,N/A,N/A,N/A,N/A,N/A,61057,Fisioteràpia / Nutrició Humana i Dietètica (simultaneïtat),UdL,Igualada,U. Públ.,20.0,N/A,04-16
N/A,N/A,N/A,N/A,N/A,N/A,N/A,N/A,N/A,N/A,21035,Genètica,UAB,Cerdanyola del Vallès,U. Públ.,60.0,N/A,16
N/A,N/A,N/A,N/A,N/A,N/A,N/A,N/A,N/A,N/A,61026,Geografia,UdL,Lleida,U. Públ.,20.0,N/A,16
N/A,N/A,N/A,N/A,N/A,N/A,N/A,N/A,N/A,N/A,11108,Geografia i Canvi Global,UB,Barcelona,U. Públ.,50.0,N/A,16
N/A,N/A,N/A,N/A,N/A,N/A,N/A,N/A,N/A,N/A,71015,Geografia  Anàlisi Territorial i Sostenibilitat,URV,Vila-Seca,U. Públ.,35.0,N/A,16
N/A,N/A,N/A,N/A,N/A,N/A,N/A,N/A,N/A,N/A,21124,Geografia  Medi Ambient i Planificació Territorial,UAB,Cerdanyola del Vallès,U. Públ.,60.0,N/A,16
N/A,N/A,N/A,N/A,N/A,N/A,N/A,N/A,N/A,N/A,81073,Geografia  Territori i Medi Ambient,UdG,Girona,U. Públ.,35.0,N/A,16
N/A,N/A,N/A,N/A,N/A,N/A,N/A,N/A,N/A,N/A,81076,Geografia  Territori i Medi Ambient / Turisme (simultaneïtat),UdG,Girona,U. Públ.,10.0,N/A,04-16
N/A,N/A,N/A,N/A,N/A,N/A,N/A,N/A,N/A,N/A,11032,Geologia,UB,Barcelona,U. Públ.,60.0,N/A,16
N/A,N/A,N/A,N/A,N/A,N/A,N/A,N/A,N/A,N/A,21037,Geologia,UAB,Cerdanyola del Vallès,U. Públ.,40.0,N/A,16
N/A,N/A,N/A,N/A,N/A,N/A,N/A,N/A,N/A,N/A,21151,Geologia / Ciències Ambientals (simultaneïtat),UAB,Cerdanyola del Vallès,U. Públ.,30.0,N/A,16
N/A,N/A,N/A,N/A,N/A,N/A,N/A,N/A,N/A,N/A,21038,Gestió Aeronàutica,UAB,Sabadell,U. Públ.,65.0,N/A,16
N/A,N/A,N/A,N/A,N/A,N/A,N/A,N/A,N/A,N/A,21149,Gestió de Ciutats Intel·ligents i Sostenibles,UAB,Cerdanyola del Vallès,U. Públ.,60.0,N/A,16
N/A,N/A,N/A,N/A,N/A,N/A,N/A,N/A,N/A,N/A,11091,Gestió d'Informació i Documentació Digital,UB,Barcelona,U. Públ.,60.0,N/A,16
N/A,N/A,N/A,N/A,N/A,N/A,N/A,N/A,N/A,N/A,11098,Gestió d'Informació i Documentació Digital / Comunicació Audiovisual(simultaneïtat),UB,Barcelona,U. Públ.,20.0,N/A,04-16
N/A,N/A,N/A,N/A,N/A,N/A,N/A,N/A,N/A,N/A,91060,Gestió de la Societat Digital (Campus Manresa),UVic-UCC,Manresa,U. Priv.,40.0,5.500 €,N/A
N/A,N/A,N/A,N/A,N/A,N/A,N/A,N/A,N/A,N/A,71068,Gestió en Turisme i Hoteleria,URV,Vila-Seca,U. Públ.,75.0,N/A,16
N/A,N/A,N/A,N/A,N/A,N/A,N/A,N/A,N/A,N/A,11052,Gestió i Administració Pública,UB,Barcelona,U. Públ.,80.0,N/A,16
N/A,N/A,N/A,N/A,N/A,N/A,N/A,N/A,N/A,N/A,11070,Gestió i Administració Pública / Dret (simultaneïtat),UB,Barcelona,U. Públ.,24.0,N/A,04-16
N/A,N/A,N/A,N/A,N/A,N/A,N/A,N/A,N/A,N/A,41064,Grau Obert  Programa de (agrupació),UPF,Barcelona,U. Públ.,30.0,N/A,07-21
N/A,N/A,N/A,N/A,N/A,N/A,N/A,N/A,N/A,N/A,11035,Història,UB,Barcelona,U. Públ.,255.0,N/A,16
N/A,N/A,N/A,N/A,N/A,N/A,N/A,N/A,N/A,N/A,21040,Història,UAB,Cerdanyola del Vallès,U. Públ.,140.0,N/A,16
N/A,N/A,N/A,N/A,N/A,N/A,N/A,N/A,N/A,N/A,81074,Història,UdG,Girona,U. Públ.,55.0,N/A,16
N/A,N/A,N/A,N/A,N/A,N/A,N/A,N/A,N/A,N/A,61028,Història,UdL,Lleida,U. Públ.,40.0,N/A,16
N/A,N/A,N/A,N/A,N/A,N/A,N/A,N/A,N/A,N/A,71077,Història,URV,Tarragona,U. Públ.,45.0,N/A,16
N/A,N/A,N/A,N/A,N/A,N/A,N/A,N/A,N/A,N/A,11096,Història / Arqueologia (simultaneïtat),UB,Barcelona,U. Públ.,20.0,N/A,04-16
N/A,N/A,N/A,N/A,N/A,N/A,N/A,N/A,N/A,N/A,11104,Història / Història de l'Art (simultaneïtat),UB,Barcelona,U. Públ.,20.0,N/A,16
N/A,N/A,N/A,N/A,N/A,N/A,N/A,N/A,N/A,N/A,81078,Història / Història de l'Art (simultaneïtat),UdG,Girona,U. Públ.,10.0,N/A,04-16
N/A,N/A,N/A,N/A,N/A,N/A,N/A,N/A,N/A,N/A,11034,Història de l'Art,UB,Barcelona,U. Públ.,170.0,N/A,16
N/A,N/A,N/A,N/A,N/A,N/A,N/A,N/A,N/A,N/A,21039,Història de l'Art,UAB,Cerdanyola del Vallès,U. Públ.,80.0,N/A,16
N/A,N/A,N/A,N/A,N/A,N/A,N/A,N/A,N/A,N/A,81075,Història de l'Art,UdG,Girona,U. Públ.,45.0,N/A,16
N/A,N/A,N/A,N/A,N/A,N/A,N/A,N/A,N/A,N/A,11104,Història de l'Art / Història (simultaneïtat),UB,Barcelona,U. Públ.,20.0,N/A,16
N/A,N/A,N/A,N/A,N/A,N/A,N/A,N/A,N/A,N/A,81078,Història de l'Art / Història (simultaneïtat),UdG,Girona,U. Públ.,10.0,N/A,04-16
N/A,N/A,N/A,N/A,N/A,N/A,N/A,N/A,N/A,N/A,71078,Història de l'Art i Arqueologia,URV,Tarragona,U. Públ.,30.0,N/A,16
N/A,N/A,N/A,N/A,N/A,N/A,N/A,N/A,N/A,N/A,61081,Història de l'Art i Gestió del Patrimoni Artístic,UdL,Lleida,U. Públ.,40.0,N/A,16
N/A,N/A,N/A,N/A,N/A,N/A,N/A,N/A,N/A,N/A,21138,Història  Política i Economia Contemporànies,UAB,Cerdanyola del Vallès,U. Públ.,60.0,N/A,16
N/A,N/A,N/A,N/A,N/A,N/A,N/A,N/A,N/A,N/A,41003,Humanitats,UPF,Barcelona,U. Públ.,170.0,N/A,21
N/A,N/A,N/A,N/A,N/A,N/A,N/A,N/A,N/A,N/A,21101,Humanitats,UAB,Cerdanyola del Vallès,U. Públ.,70.0,N/A,16
N/A,N/A,N/A,N/A,N/A,N/A,N/A,N/A,N/A,N/A,11081,Infermeria (Campus Clínic),UB,Barcelona,U. Públ.,135.0,N/A,16
N/A,N/A,N/A,N/A,N/A,N/A,N/A,N/A,N/A,N/A,21043,"Infermeria ""Sant Pau""",UAB,Barcelona,U. Públ. CA,93.0,5.860 €,17
N/A,N/A,N/A,N/A,N/A,N/A,N/A,N/A,N/A,N/A,41021,"Infermeria ""Escola Superior d'Infermeria del Mar""",UPF,Barcelona,U. Públ. CA,85.0,6.490 €,17
N/A,N/A,N/A,N/A,N/A,N/A,N/A,N/A,N/A,N/A,21044,Infermeria,UAB,Cerdanyola del Vallès,U. Públ.,240.0,N/A,16
N/A,N/A,N/A,N/A,N/A,N/A,N/A,N/A,N/A,N/A,71032,Infermeria,URV,el Vendrell,U. Públ.,40.0,N/A,16
N/A,N/A,N/A,N/A,N/A,N/A,N/A,N/A,N/A,N/A,81066,Infermeria,UdG,Girona,U. Públ.,190.0,N/A,16
N/A,N/A,N/A,N/A,N/A,N/A,N/A,N/A,N/A,N/A,61046,Infermeria,UdL,Igualada,U. Públ.,85.0,N/A,16
N/A,N/A,N/A,N/A,N/A,N/A,N/A,N/A,N/A,N/A,11037,Infermeria (Campus Bellvitge),UB,L'Hospitalet de Llobregat,U. Públ.,395.0,N/A,16
N/A,N/A,N/A,N/A,N/A,N/A,N/A,N/A,N/A,N/A,61029,Infermeria,UdL,Lleida,U. Públ.,105.0,N/A,16
N/A,N/A,N/A,N/A,N/A,N/A,N/A,N/A,N/A,N/A,91043,Infermeria (Campus Manresa),UVic-UCC,Manresa,U. Priv.,150.0,6.177 €,N/A
N/A,N/A,N/A,N/A,N/A,N/A,N/A,N/A,N/A,N/A,41031,"Infermeria ""Tecnocampus""",UPF,Mataró,U. Públ. CA,90.0,6.470 €,17
N/A,N/A,N/A,N/A,N/A,N/A,N/A,N/A,N/A,N/A,11036,"Infermeria ""Sant Joan de Déu""",UB,Sant Boi de Llobregat  Espluguesde Llobregat,U. Públ. CA,220.0,6322€,17-30
N/A,N/A,N/A,N/A,N/A,N/A,N/A,N/A,N/A,N/A,21042,"Infermeria ""Gimbernat""",UAB,Sant Cugat del Vallès,U. Públ. CA,200.0,7.430 €,17
N/A,N/A,N/A,N/A,N/A,N/A,N/A,N/A,N/A,N/A,71016,Infermeria,URV,Tarragona,U. Públ.,93.0,N/A,16
N/A,N/A,N/A,N/A,N/A,N/A,N/A,N/A,N/A,N/A,21041,Infermeria EUIT de Terrassa,UAB,Terrassa,U. Públ. CA,165.0,6.945 €,17
N/A,N/A,N/A,N/A,N/A,N/A,N/A,N/A,N/A,N/A,71028,Infermeria,URV,Tortosa,U. Públ.,82.0,N/A,16
N/A,N/A,N/A,N/A,N/A,N/A,N/A,N/A,N/A,N/A,91013,Infermeria,UVic-UCC,Vic,U. Priv.,150.0,6.380 €,N/A
N/A,N/A,N/A,N/A,N/A,N/A,N/A,N/A,N/A,N/A,71084,Infermeria,URV,el Vendrell  Vilafranca delPenedès,U. Públ.,40.0,N/A,16-27
N/A,N/A,N/A,N/A,N/A,N/A,N/A,N/A,N/A,N/A,61044,Infermeria / Fisioteràpia (simultaneïtat),UdL,Lleida,U. Públ.,25.0,N/A,04-16
N/A,N/A,N/A,N/A,N/A,N/A,N/A,N/A,N/A,N/A,21046,Informàtica i Serveis,UAB,Sant Cugat del Vallès,U. Públ. CA,50.0,4.660 €,17
N/A,N/A,N/A,N/A,N/A,N/A,N/A,N/A,N/A,N/A,81058,Innovació i Seguretat Alimentària,UdG,Girona,U. Públ.,40.0,N/A,16
N/A,N/A,N/A,N/A,N/A,N/A,N/A,N/A,N/A,N/A,31106,Intel·ligència Artificial,UPC,Barcelona,U. Públ.,50.0,N/A,21
N/A,N/A,N/A,N/A,N/A,N/A,N/A,N/A,N/A,N/A,21139,Intel·ligència Artificial / Artificial Intelligence (docència en Anglès),UAB,Cerdanyola del Vallès,U. Públ.,40.0,N/A,16
N/A,N/A,N/A,N/A,N/A,N/A,N/A,N/A,N/A,N/A,10120,Investigació Privada (Títol propi  no oficial),UB,Barcelona,U. Públ.,120.0,1.380 €,17-22
N/A,N/A,N/A,N/A,N/A,N/A,N/A,N/A,N/A,N/A,11039,Lingüística,UB,Barcelona,U. Públ.,60.0,N/A,16
N/A,N/A,N/A,N/A,N/A,N/A,N/A,N/A,N/A,N/A,71072,Llengua i Literatura Catalanes,URV,Tarragona,U. Públ.,40.0,N/A,16
N/A,N/A,N/A,N/A,N/A,N/A,N/A,N/A,N/A,N/A,21136,Llengua i Literatura Espanyoles,UAB,Cerdanyola del Vallès,U. Públ.,60.0,N/A,16
N/A,N/A,N/A,N/A,N/A,N/A,N/A,N/A,N/A,N/A,71073,Llengua i Literatura Hispàniques,URV,Tarragona,U. Públ.,40.0,N/A,16
N/A,N/A,N/A,N/A,N/A,N/A,N/A,N/A,N/A,N/A,41023,Llengües Aplicades,UPF,Barcelona,U. Públ.,60.0,N/A,21
N/A,N/A,N/A,N/A,N/A,N/A,N/A,N/A,N/A,N/A,41054,Llengües Aplicades / Traducció i Interpretació -Anglès- (simultaneïtat),UPF,Barcelona,U. Públ.,15.0,N/A,01-04-21
N/A,N/A,N/A,N/A,N/A,N/A,N/A,N/A,N/A,N/A,61051,Llengües Aplicades i Traducció / Estudis Anglesos (simultaneïtat),UdL,Lleida,U. Públ.,10.0,N/A,04-16
N/A,N/A,N/A,N/A,N/A,N/A,N/A,N/A,N/A,N/A,61058,Llengües Aplicades i Traducció / Filologia Catalana i Estudis Occitans(simultaneïtat),UdL,Lleida,U. Públ.,10.0,N/A,04-16
N/A,N/A,N/A,N/A,N/A,N/A,N/A,N/A,N/A,N/A,61080,Llengües Aplicades i Traducció / Filologia Hispànica (simultaneïtat),UdL,Lleida,U. Públ.,10.0,N/A,04-16
N/A,N/A,N/A,N/A,N/A,N/A,N/A,N/A,N/A,N/A,11040,Llengües i Literatures Modernes,UB,Barcelona,U. Públ.,100.0,N/A,16
N/A,N/A,N/A,N/A,N/A,N/A,N/A,N/A,N/A,N/A,11082,Llengües Romàniques i les seves Literatures,UB,Barcelona,U. Públ.,40.0,N/A,16
N/A,N/A,N/A,N/A,N/A,N/A,N/A,N/A,N/A,N/A,81064,"Logística Empresarial ""Mediterrani""",UdG,Barcelona,U. Públ. CA,50.0,7.215 €,17
N/A,N/A,N/A,N/A,N/A,N/A,N/A,N/A,N/A,N/A,41048,"Logística i Negocis Marítims ""Tecnocampus""",UPF,Mataró,U. Públ. CA,45.0,5.990 €,17
N/A,N/A,N/A,N/A,N/A,N/A,N/A,N/A,N/A,N/A,21048,Logopèdia,UAB,Cerdanyola del Vallès,U. Públ.,80.0,N/A,16
N/A,N/A,N/A,N/A,N/A,N/A,N/A,N/A,N/A,N/A,71062,"Màrqueting ""ESIC""",URV,Barcelona,U. Públ. CA,95.0,8.800 €,17
N/A,N/A,N/A,N/A,N/A,N/A,N/A,N/A,N/A,N/A,71074,"Màrqueting ""ESIC"" (docència en Anglès)",URV,Barcelona,U. Públ. CA,45.0,10.200 €,17-26
N/A,N/A,N/A,N/A,N/A,N/A,N/A,N/A,N/A,N/A,81051,"Màrqueting ""Mediterrani""",UdG,Barcelona,U. Públ. CA,70.0,6.495 €,17
N/A,N/A,N/A,N/A,N/A,N/A,N/A,N/A,N/A,N/A,71079,"Màrqueting / Administració i Direcció d'Empreses ""ESIC"" (simultaneïtat)",URV,Reus  Barcelona,U. Públ. CA,10.0,4.712 €,20
N/A,N/A,N/A,N/A,N/A,N/A,N/A,N/A,N/A,N/A,71080,"Màrqueting / Administració i Direcció d'Empreses ""ESIC"" (simultaneïtat)",URV,Barcelona  Tortosa,U. Públ. CA,10.0,4.712 €,20
N/A,N/A,N/A,N/A,N/A,N/A,N/A,N/A,N/A,N/A,81062,"Màrqueting / Turisme ""Mediterrani"" (simultaneïtat)",UdG,Barcelona,U. Públ. CA,25.0,6.685 €,04-17
N/A,N/A,N/A,N/A,N/A,N/A,N/A,N/A,N/A,N/A,61078,"Màrqueting i Comunicació Digital ""Centre Universitari EAE""",UdL,Barcelona,U. Públ. CA,90.0,8.800 €,17
N/A,N/A,N/A,N/A,N/A,N/A,N/A,N/A,N/A,N/A,91032,Màrqueting i Comunicació Empresarial,UVic-UCC,Vic,U. Priv.,40.0,5.758 €,N/A
N/A,N/A,N/A,N/A,N/A,N/A,N/A,N/A,N/A,N/A,41039,"Màrqueting i Comunitats Digitals ""Tecnocampus""",UPF,Mataró,U. Públ. CA,70.0,5.990 €,17
N/A,N/A,N/A,N/A,N/A,N/A,N/A,N/A,N/A,N/A,41041,"Màrqueting i Comunitats Digitals / Administració d'Empreses i Gestió de laInnovació ""Tecnocampus"" (simultaneïtat)",UPF,Mataró,U. Públ. CA,60.0,6.170 €,04-17
N/A,N/A,N/A,N/A,N/A,N/A,N/A,N/A,N/A,N/A,41062,"Màrqueting i Comunitats Digitals / Turisme i Gestió del Lleure""Tecnocampus"" (simultaneïtat)",UPF,Mataró,U. Públ. CA,30.0,6.800 €,04-17
N/A,N/A,N/A,N/A,N/A,N/A,N/A,N/A,N/A,N/A,31132,"Màrqueting  Innovació i Tecnologia ""EUNCET"" (Campus 22@) (presencial)",UPC,Barcelona,U. Públ. CA,35.0,7.200 €,17
N/A,N/A,N/A,N/A,N/A,N/A,N/A,N/A,N/A,N/A,31131,"Màrqueting  Innovació i Tecnologia ""EUNCET"" (Campus 22@)(semipresencial)",UPC,Barcelona,U. Públ. CA,35.0,6.600 €,17
N/A,N/A,N/A,N/A,N/A,N/A,N/A,N/A,N/A,N/A,31134,"Màrqueting  Innovació i Tecnologia ""EUNCET"" (Campus Terrassa)(presencial)",UPC,Terrassa,U. Públ. CA,35.0,7.200 €,17
N/A,N/A,N/A,N/A,N/A,N/A,N/A,N/A,N/A,N/A,31133,"Màrqueting  Innovació i Tecnologia ""EUNCET"" (Campus Terrassa)(semipresencial)",UPC,Terrassa,U. Públ. CA,35.0,6.600 €,17
N/A,N/A,N/A,N/A,N/A,N/A,N/A,N/A,N/A,N/A,31129,"Màrqueting  Innovació i Tecnologia / Empresa  Innovació i Tecnologia""EUNCET"" (Campus 22@) (presencial) (simultaneïtat)",UPC,Barcelona,U. Públ. CA,35.0,7.200 €,04-17
N/A,N/A,N/A,N/A,N/A,N/A,N/A,N/A,N/A,N/A,31130,"Màrqueting  Innovació i Tecnologia / Empresa  Innovació i Tecnologia""EUNCET"" (Campus Terrassa) (presencial) (simultaneïtat)",UPC,Terrassa,U. Públ. CA,35.0,7.200 €,04-17
N/A,N/A,N/A,N/A,N/A,N/A,N/A,N/A,N/A,N/A,21122,Matemàtica Computacional i Analítica de Dades,UAB,Cerdanyola del Vallès,U. Públ.,40.0,N/A,16
N/A,N/A,N/A,N/A,N/A,N/A,N/A,N/A,N/A,N/A,11041,Matemàtiques,UB,Barcelona,U. Públ.,70.0,N/A,16
N/A,N/A,N/A,N/A,N/A,N/A,N/A,N/A,N/A,N/A,31040,Matemàtiques,UPC,Barcelona,U. Públ.,75.0,N/A,21
N/A,N/A,N/A,N/A,N/A,N/A,N/A,N/A,N/A,N/A,21003,Matemàtiques,UAB,Cerdanyola del Vallès,U. Públ.,60.0,N/A,16
N/A,N/A,N/A,N/A,N/A,N/A,N/A,N/A,N/A,N/A,11066,Matemàtiques / Administració i Direcció d'Empreses (simultaneïtat),UB,Barcelona,U. Públ.,20.0,N/A,04-16
N/A,N/A,N/A,N/A,N/A,N/A,N/A,N/A,N/A,N/A,11016,Matemàtiques / Enginyeria Informàtica (simultaneïtat),UB,Barcelona,U. Públ.,20.0,N/A,04-16
N/A,N/A,N/A,N/A,N/A,N/A,N/A,N/A,N/A,N/A,11020,Matemàtiques / Física (simultaneïtat),UB,Barcelona,U. Públ.,20.0,N/A,04-16
N/A,N/A,N/A,N/A,N/A,N/A,N/A,N/A,N/A,N/A,21005,Matemàtiques / Física (simultaneïtat),UAB,Cerdanyola del Vallès,U. Públ.,20.0,N/A,04-16
N/A,N/A,N/A,N/A,N/A,N/A,N/A,N/A,N/A,N/A,11043,Medicina (Campus Clínic),UB,Barcelona,U. Públ.,200.0,N/A,16
N/A,N/A,N/A,N/A,N/A,N/A,N/A,N/A,N/A,N/A,41058,Medicina,UPF,Barcelona,U. Públ.,64.0,N/A,16
N/A,N/A,N/A,N/A,N/A,N/A,N/A,N/A,N/A,N/A,21079,Medicina,UAB,Cerdanyola del Vallès,U. Públ.,385.0,N/A,16
N/A,N/A,N/A,N/A,N/A,N/A,N/A,N/A,N/A,N/A,81001,Medicina,UdG,Girona,U. Públ.,92.0,N/A,16
N/A,N/A,N/A,N/A,N/A,N/A,N/A,N/A,N/A,N/A,11083,Medicina (Campus Bellvitge),UB,L'Hospitalet de Llobregat,U. Públ.,100.0,N/A,16
N/A,N/A,N/A,N/A,N/A,N/A,N/A,N/A,N/A,N/A,61030,Medicina,UdL,Lleida,U. Públ.,132.0,N/A,16
N/A,N/A,N/A,N/A,N/A,N/A,N/A,N/A,N/A,N/A,71019,Medicina,URV,Reus,U. Públ.,130.0,N/A,16
N/A,N/A,N/A,N/A,N/A,N/A,N/A,N/A,N/A,N/A,91054,Medicina,UVic-UCC,Vic,U. Priv.,115.0,13.801 €,N/A
N/A,N/A,N/A,N/A,N/A,N/A,N/A,N/A,N/A,N/A,21050,Microbiologia,UAB,Cerdanyola del Vallès,U. Públ.,60.0,N/A,16
N/A,N/A,N/A,N/A,N/A,N/A,N/A,N/A,N/A,N/A,41049,"Mitjans Audiovisuals ""Tecnocampus""",UPF,Mataró,U. Públ. CA,85.0,6.460 €,17
N/A,N/A,N/A,N/A,N/A,N/A,N/A,N/A,N/A,N/A,81079,"Moda ""ERAM""",UdG,Girona  Salt,U. Públ. CA,30.0,7.080 €,17
N/A,N/A,N/A,N/A,N/A,N/A,N/A,N/A,N/A,N/A,91029,Multimèdia. Aplicacions i Videojocs,UVic-UCC,Vic,U. Priv.,40.0,6.058 €,N/A
N/A,N/A,N/A,N/A,N/A,N/A,N/A,N/A,N/A,N/A,21051,Musicologia,UAB,Cerdanyola del Vallès,U. Públ.,60.0,N/A,16
N/A,N/A,N/A,N/A,N/A,N/A,N/A,N/A,N/A,N/A,21150,Nanociència i Nanotecnologia,UAB,Cerdanyola del Vallès,U. Públ.,65.0,N/A,16
N/A,N/A,N/A,N/A,N/A,N/A,N/A,N/A,N/A,N/A,31045,Nàutica i Transport Marítim,UPC,Barcelona,U. Públ.,50.0,N/A,21
N/A,N/A,N/A,N/A,N/A,N/A,N/A,N/A,N/A,N/A,11102,"Negoci Digital i Innovació en Turisme ""CETT""",UB,Barcelona,U. Públ. CA,70.0,8.171 €,17
N/A,N/A,N/A,N/A,N/A,N/A,N/A,N/A,N/A,N/A,11112,"Negoci Digital i Innovació en Turisme / Turisme ""CETT"" (simultaneïtat)",UB,Barcelona,U. Públ. CA,10.0,8.970 €,17
N/A,N/A,N/A,N/A,N/A,N/A,N/A,N/A,N/A,N/A,41024,"Negocis i Màrqueting Internacionals - Bachelor in International Business andMarketing ""ESCI""",UPF,Barcelona,U. Públ. CA,100.0,7.710 €,02-17
N/A,N/A,N/A,N/A,N/A,N/A,N/A,N/A,N/A,N/A,41063,"Negocis i Màrqueting Internacionals - Bachelor in International Business andMarketing ""ESCI"" (docència en anglès)",UPF,Barcelona,U. Públ. CA,50.0,7.710 €,02-17
N/A,N/A,N/A,N/A,N/A,N/A,N/A,N/A,N/A,N/A,61031,Nutrició Humana i Dietètica,UdL,Lleida,U. Públ.,45.0,N/A,16
N/A,N/A,N/A,N/A,N/A,N/A,N/A,N/A,N/A,N/A,41061,"Nutrició Humana i Dietètica ""Tecnocampus""",UPF,Mataró,U. Públ. CA,60.0,6.470 €,17
N/A,N/A,N/A,N/A,N/A,N/A,N/A,N/A,N/A,N/A,71044,Nutrició Humana i Dietètica,URV,Reus,U. Públ.,85.0,N/A,16
N/A,N/A,N/A,N/A,N/A,N/A,N/A,N/A,N/A,N/A,81081,"Nutrició Humana i Dietètica ""EUSES""",UdG,Salt,U. Públ. CA,40.0,6.495 €,17
N/A,N/A,N/A,N/A,N/A,N/A,N/A,N/A,N/A,N/A,11062,Nutrició Humana i Dietètica,UB,Santa Coloma de Gramenet,U. Públ.,60.0,N/A,16
N/A,N/A,N/A,N/A,N/A,N/A,N/A,N/A,N/A,N/A,91021,Nutrició Humana i Dietètica,UVic-UCC,Vic,U. Priv.,65.0,5.758 €,N/A
N/A,N/A,N/A,N/A,N/A,N/A,N/A,N/A,N/A,N/A,11075,Nutrició Humana i Dietètica / Farmàcia (simultaneïtat),UB,Barcelona  Santa Coloma deGramenet,U. Públ.,20.0,N/A,04-16
N/A,N/A,N/A,N/A,N/A,N/A,N/A,N/A,N/A,N/A,61057,Nutrició Humana i Dietètica / Fisioteràpia (simultaneïtat),UdL,Igualada,U. Públ.,20.0,N/A,04-16
N/A,N/A,N/A,N/A,N/A,N/A,N/A,N/A,N/A,N/A,11044,Odontologia,UB,L'Hospitalet de Llobregat,U. Públ.,120.0,N/A,16
N/A,N/A,N/A,N/A,N/A,N/A,N/A,N/A,N/A,N/A,91061,Odontologia (Campus Medicina  Vic),UVic-UCC,Vic  Manresa,U. Priv.,60.0,13.801 €,31
N/A,N/A,N/A,N/A,N/A,N/A,N/A,N/A,N/A,N/A,31105,Òptica i Optometria,UPC,Terrassa,U. Públ.,90.0,N/A,21
N/A,N/A,N/A,N/A,N/A,N/A,N/A,N/A,N/A,N/A,31098,Paisatgisme,UPC,Barcelona  Castelldefels,U. Públ.,50.0,N/A,21
N/A,N/A,N/A,N/A,N/A,N/A,N/A,N/A,N/A,N/A,11045,Pedagogia,UB,Barcelona,U. Públ.,216.0,N/A,16
N/A,N/A,N/A,N/A,N/A,N/A,N/A,N/A,N/A,N/A,21052,Pedagogia,UAB,Cerdanyola del Vallès,U. Públ.,75.0,N/A,16
N/A,N/A,N/A,N/A,N/A,N/A,N/A,N/A,N/A,N/A,81043,Pedagogia,UdG,Girona,U. Públ.,60.0,N/A,16
N/A,N/A,N/A,N/A,N/A,N/A,N/A,N/A,N/A,N/A,71020,Pedagogia,URV,Tarragona,U. Públ.,45.0,N/A,16
N/A,N/A,N/A,N/A,N/A,N/A,N/A,N/A,N/A,N/A,41025,Periodisme,UPF,Barcelona,U. Públ.,80.0,N/A,21
N/A,N/A,N/A,N/A,N/A,N/A,N/A,N/A,N/A,N/A,21096,Periodisme,UAB,Cerdanyola del Vallès,U. Públ.,160.0,N/A,16
N/A,N/A,N/A,N/A,N/A,N/A,N/A,N/A,N/A,N/A,71021,Periodisme,URV,Tarragona,U. Públ.,45.0,N/A,16
N/A,N/A,N/A,N/A,N/A,N/A,N/A,N/A,N/A,N/A,91014,Periodisme,UVic-UCC,Vic,U. Priv.,50.0,6.058 €,N/A
N/A,N/A,N/A,N/A,N/A,N/A,N/A,N/A,N/A,N/A,71045,Pilot d'Aviació Comercial i Operacions Aèries,URV,Reus,U. Públ. CA,30.0,31.800 €,01-17
N/A,N/A,N/A,N/A,N/A,N/A,N/A,N/A,N/A,N/A,11046,Podologia,UB,L'Hospitalet de Llobregat,U. Públ.,80.0,N/A,16
N/A,N/A,N/A,N/A,N/A,N/A,N/A,N/A,N/A,N/A,91045,Podologia (Campus Manresa),UVic-UCC,Manresa,U. Priv.,80.0,6.133 €,N/A
N/A,N/A,N/A,N/A,N/A,N/A,N/A,N/A,N/A,N/A,21054,Prevenció i Seguretat Integral,UAB,Cerdanyola del Vallès,U. Públ. CA,88.0,5.940 €,17
N/A,N/A,N/A,N/A,N/A,N/A,N/A,N/A,N/A,N/A,21113,Prevenció i Seguretat Integral (en xarxa),UAB,Cerdanyola del Vallès,U. Públ. CA,33.0,5.940 €,05-17
N/A,N/A,N/A,N/A,N/A,N/A,N/A,N/A,N/A,N/A,11111,"Producció de Música i So per a la Indústria de l'Entreteniment ""ENTI""",UB,Barcelona,U. Públ. CA,60.0,8.220 €,01-17
N/A,N/A,N/A,N/A,N/A,N/A,N/A,N/A,N/A,N/A,11047,Psicologia,UB,Barcelona,U. Públ.,432.0,N/A,16
N/A,N/A,N/A,N/A,N/A,N/A,N/A,N/A,N/A,N/A,21081,Psicologia,UAB,Cerdanyola del Vallès,U. Públ.,360.0,N/A,16
N/A,N/A,N/A,N/A,N/A,N/A,N/A,N/A,N/A,N/A,81033,Psicologia,UdG,Girona,U. Públ.,80.0,N/A,16
N/A,N/A,N/A,N/A,N/A,N/A,N/A,N/A,N/A,N/A,61020,Psicologia,UdL,Lleida,U. Públ.,60.0,N/A,16
N/A,N/A,N/A,N/A,N/A,N/A,N/A,N/A,N/A,N/A,71022,Psicologia,URV,Tarragona,U. Públ.,125.0,N/A,16
N/A,N/A,N/A,N/A,N/A,N/A,N/A,N/A,N/A,N/A,91022,Psicologia,UVic-UCC,Vic,U. Priv.,120.0,6.058 €,N/A
N/A,N/A,N/A,N/A,N/A,N/A,N/A,N/A,N/A,N/A,41004,Publicitat i Relacions Públiques,UPF,Barcelona,U. Públ.,80.0,N/A,21
N/A,N/A,N/A,N/A,N/A,N/A,N/A,N/A,N/A,N/A,21097,Publicitat i Relacions Públiques,UAB,Cerdanyola del Vallès,U. Públ.,80.0,N/A,16
N/A,N/A,N/A,N/A,N/A,N/A,N/A,N/A,N/A,N/A,81002,Publicitat i Relacions Públiques,UdG,Girona,U. Públ.,70.0,N/A,16
N/A,N/A,N/A,N/A,N/A,N/A,N/A,N/A,N/A,N/A,71023,Publicitat i Relacions Públiques,URV,Tarragona,U. Públ.,45.0,N/A,16
N/A,N/A,N/A,N/A,N/A,N/A,N/A,N/A,N/A,N/A,91015,Publicitat i Relacions Públiques,UVic-UCC,Vic,U. Priv.,55.0,6.058 €,N/A
N/A,N/A,N/A,N/A,N/A,N/A,N/A,N/A,N/A,N/A,81077,Publicitat i Relacions Públiques / Turisme (simultaneïtat),UdG,Girona,U. Públ.,15.0,N/A,04-16
N/A,N/A,N/A,N/A,N/A,N/A,N/A,N/A,N/A,N/A,11093,"Publicitat  Relacions Públiques i Màrqueting ""ESRP""",UB,Barcelona,U. Públ. CA,150.0,6.450 €,17
N/A,N/A,N/A,N/A,N/A,N/A,N/A,N/A,N/A,N/A,11049,Química,UB,Barcelona,U. Públ.,180.0,N/A,16
N/A,N/A,N/A,N/A,N/A,N/A,N/A,N/A,N/A,N/A,21082,Química,UAB,Cerdanyola del Vallès,U. Públ.,120.0,N/A,16
N/A,N/A,N/A,N/A,N/A,N/A,N/A,N/A,N/A,N/A,81034,Química,UdG,Girona,U. Públ.,60.0,N/A,16
N/A,N/A,N/A,N/A,N/A,N/A,N/A,N/A,N/A,N/A,71024,Química,URV,Tarragona,U. Públ.,60.0,N/A,16
N/A,N/A,N/A,N/A,N/A,N/A,N/A,N/A,N/A,N/A,71066,Química (docència en Anglès),URV,Tarragona,U. Públ.,30.0,N/A,03-16
N/A,N/A,N/A,N/A,N/A,N/A,N/A,N/A,N/A,N/A,11095,Química / Administració i Direcció d'Empreses (simultaneïtat),UB,Barcelona,U. Públ.,20.0,N/A,04-16
N/A,N/A,N/A,N/A,N/A,N/A,N/A,N/A,N/A,N/A,21100,Química / Física (simultaneïtat),UAB,Cerdanyola del Vallès,U. Públ.,20.0,N/A,04-16
N/A,N/A,N/A,N/A,N/A,N/A,N/A,N/A,N/A,N/A,21123,Relacions Internacionals,UAB,Cerdanyola del Vallès,U. Públ.,50.0,N/A,16
N/A,N/A,N/A,N/A,N/A,N/A,N/A,N/A,N/A,N/A,21145,Relacions Internacionals / Dret (simultaneïtat),UAB,Cerdanyola del Vallès,U. Públ.,20.0,N/A,16
N/A,N/A,N/A,N/A,N/A,N/A,N/A,N/A,N/A,N/A,11050,Relacions Laborals,UB,Barcelona,U. Públ.,170.0,N/A,16
N/A,N/A,N/A,N/A,N/A,N/A,N/A,N/A,N/A,N/A,41026,Relacions Laborals,UPF,Barcelona,U. Públ.,180.0,N/A,21
N/A,N/A,N/A,N/A,N/A,N/A,N/A,N/A,N/A,N/A,21055,Relacions Laborals,UAB,Cerdanyola del Vallès,U. Públ.,125.0,N/A,16
N/A,N/A,N/A,N/A,N/A,N/A,N/A,N/A,N/A,N/A,21109,Relacions Laborals / Dret (simultaneïtat),UAB,Cerdanyola del Vallès,U. Públ.,20.0,N/A,04-16
N/A,N/A,N/A,N/A,N/A,N/A,N/A,N/A,N/A,N/A,61033,Relacions Laborals i Recursos Humans,UdL,Lleida,U. Públ. CA,30.0,3.900 €,17
N/A,N/A,N/A,N/A,N/A,N/A,N/A,N/A,N/A,N/A,71082,Relacions Laborals i Recursos Humans,URV,Tarragona,U. Públ.,65.0,N/A,16
N/A,N/A,N/A,N/A,N/A,N/A,N/A,N/A,N/A,N/A,71083,Relacions Laborals i Recursos Humans / Dret (simultaneïtat),URV,Tarragona,U. Públ.,25.0,N/A,04-16
N/A,N/A,N/A,N/A,N/A,N/A,N/A,N/A,N/A,N/A,11076,Seguretat,UB,Mollet del Vallès,U. Públ. CA,60.0,N/A,16
N/A,N/A,N/A,N/A,N/A,N/A,N/A,N/A,N/A,N/A,11063,Sociologia,UB,Barcelona,U. Públ.,130.0,N/A,16
N/A,N/A,N/A,N/A,N/A,N/A,N/A,N/A,N/A,N/A,21056,Sociologia,UAB,Cerdanyola del Vallès,U. Públ.,110.0,N/A,16
N/A,N/A,N/A,N/A,N/A,N/A,N/A,N/A,N/A,N/A,11090,Sociologia / Administració i Direcció d'Empreses (simultaneïtat),UB,Barcelona,U. Públ.,20.0,N/A,04-16
N/A,N/A,N/A,N/A,N/A,N/A,N/A,N/A,N/A,N/A,21125,Sociologia / Ciència Política i Gestió Pública (simultaneïtat),UAB,Cerdanyola del Vallès,U. Públ.,20.0,N/A,04-16
N/A,N/A,N/A,N/A,N/A,N/A,N/A,N/A,N/A,N/A,21129,Sociologia / Estadística Aplicada (simultaneïtat),UAB,Cerdanyola del Vallès,U. Públ.,20.0,N/A,04-16
N/A,N/A,N/A,N/A,N/A,N/A,N/A,N/A,N/A,N/A,91915,Tecnologies Industrials amb Anàlisi Econòmica  Grau en + MàsterUniversitari en Enginyeria Industrial (PARS: Enginyer/a Industrial amb AnàlisiEconòmica) (docència en Anglès),UPC / UPF,Barcelona,U. Públ.,50.0,N/A,21-28
N/A,N/A,N/A,N/A,N/A,N/A,N/A,N/A,N/A,N/A,31038,Tecnologies Marines,UPC,Barcelona,U. Públ.,40.0,N/A,21
N/A,N/A,N/A,N/A,N/A,N/A,N/A,N/A,N/A,N/A,21057,Teràpia Ocupacional EUIT de Terrassa,UAB,Terrassa,U. Públ. CA,80.0,6.945 €,17
N/A,N/A,N/A,N/A,N/A,N/A,N/A,N/A,N/A,N/A,91016,Teràpia Ocupacional (presencial / semipresencial),UVic-UCC,Vic,U. Priv.,40.0,5.473 €,N/A
N/A,N/A,N/A,N/A,N/A,N/A,N/A,N/A,N/A,N/A,21058,Traducció i Interpretació -Alemany-,UAB,Cerdanyola del Vallès,U. Públ.,40.0,N/A,16
N/A,N/A,N/A,N/A,N/A,N/A,N/A,N/A,N/A,N/A,41040,Traducció i Interpretació -Alemany / Francès / Llengua de Signes Catalana-,UPF,Barcelona,U. Públ.,70.0,N/A,21
N/A,N/A,N/A,N/A,N/A,N/A,N/A,N/A,N/A,N/A,41006,Traducció i Interpretació -Anglès-,UPF,Barcelona,U. Públ.,85.0,N/A,01-21
N/A,N/A,N/A,N/A,N/A,N/A,N/A,N/A,N/A,N/A,21064,Traducció i Interpretació -Anglès-,UAB,Cerdanyola del Vallès,U. Públ.,140.0,N/A,01-16
N/A,N/A,N/A,N/A,N/A,N/A,N/A,N/A,N/A,N/A,41054,Traducció i Interpretació -Anglès- / Llengües Aplicades (simultaneïtat),UPF,Barcelona,U. Públ.,15.0,N/A,01-04-21
N/A,N/A,N/A,N/A,N/A,N/A,N/A,N/A,N/A,N/A,21065,Traducció i Interpretació -Francès-,UAB,Cerdanyola del Vallès,U. Públ.,50.0,N/A,16
N/A,N/A,N/A,N/A,N/A,N/A,N/A,N/A,N/A,N/A,11051,Treball Social,UB,Barcelona,U. Públ.,240.0,N/A,16
N/A,N/A,N/A,N/A,N/A,N/A,N/A,N/A,N/A,N/A,81044,Treball Social,UdG,Girona,U. Públ.,60.0,N/A,16
N/A,N/A,N/A,N/A,N/A,N/A,N/A,N/A,N/A,N/A,61034,Treball social,UdL,Lleida,U. Públ.,80.0,N/A,16
N/A,N/A,N/A,N/A,N/A,N/A,N/A,N/A,N/A,N/A,71026,Treball Social,URV,Tarragona,U. Públ.,85.0,N/A,16
N/A,N/A,N/A,N/A,N/A,N/A,N/A,N/A,N/A,N/A,11011,"Turisme ""CETT""",UB,Barcelona,U. Públ. CA,152.0,6.974 €,17
N/A,N/A,N/A,N/A,N/A,N/A,N/A,N/A,N/A,N/A,11086,"Turisme ""CETT"" (docència en Anglès)",UB,Barcelona,U. Públ. CA,65.0,6.974 €,17
N/A,N/A,N/A,N/A,N/A,N/A,N/A,N/A,N/A,N/A,81036,"Turisme ""Euroaula""",UdG,Barcelona,U. Públ. CA,100.0,4.340 €,17
N/A,N/A,N/A,N/A,N/A,N/A,N/A,N/A,N/A,N/A,81038,"Turisme ""Mediterrani""",UdG,Barcelona,U. Públ. CA,100.0,5.415 €,17
N/A,N/A,N/A,N/A,N/A,N/A,N/A,N/A,N/A,N/A,21059,Turisme,UAB,Cerdanyola del Vallès,U. Públ. CA,100.0,5.220 €,17
N/A,N/A,N/A,N/A,N/A,N/A,N/A,N/A,N/A,N/A,21114,Turisme (docència en Anglès),UAB,Cerdanyola del Vallès,U. Públ. CA,60.0,5.220 €,17
N/A,N/A,N/A,N/A,N/A,N/A,N/A,N/A,N/A,N/A,81039,Turisme,UdG,Girona,U. Públ.,70.0,N/A,16
N/A,N/A,N/A,N/A,N/A,N/A,N/A,N/A,N/A,N/A,61021,Turisme,UdL,Lleida,U. Públ.,35.0,N/A,16
N/A,N/A,N/A,N/A,N/A,N/A,N/A,N/A,N/A,N/A,61053,Turisme / Administració i Direcció d'Empreses (simultaneïtat),UdL,Lleida,U. Públ.,20.0,N/A,04-16
N/A,N/A,N/A,N/A,N/A,N/A,N/A,N/A,N/A,N/A,81085,Turisme / Estudis Globals / Global Studies (docència en Anglès)(simultaneïtat),UdG,Girona,U. Públ.,20.0,N/A,16
N/A,N/A,N/A,N/A,N/A,N/A,N/A,N/A,N/A,N/A,81076,Turisme / Geografia  Territori i Medi Ambient (simultaneïtat),UdG,Girona,U. Públ.,10.0,N/A,04-16
N/A,N/A,N/A,N/A,N/A,N/A,N/A,N/A,N/A,N/A,81062,"Turisme / Màrqueting ""Mediterrani"" (simultaneïtat)",UdG,Barcelona,U. Públ. CA,25.0,6.685 €,04-17
N/A,N/A,N/A,N/A,N/A,N/A,N/A,N/A,N/A,N/A,11112,"Turisme / Negoci Digital i Innovació en Turisme ""CETT"" (simultaneïtat)",UB,Barcelona,U. Públ. CA,10.0,8.970 €,17
N/A,N/A,N/A,N/A,N/A,N/A,N/A,N/A,N/A,N/A,81077,Turisme / Publicitat i Relacions Públiques (simultaneïtat),UdG,Girona,U. Públ.,15.0,N/A,04-16
N/A,N/A,N/A,N/A,N/A,N/A,N/A,N/A,N/A,N/A,41035,"Turisme i Gestió del Lleure / Administració d'Empreses i Gestió de laInnovació ""Tecnocampus"" (simultaneïtat)",UPF,Mataró,U. Públ. CA,40.0,6.210 €,04-17
N/A,N/A,N/A,N/A,N/A,N/A,N/A,N/A,N/A,N/A,41062,"Turisme i Gestió del Lleure / Màrqueting i Comunitats Digitals""Tecnocampus"" (simultaneïtat)",UPF,Mataró,U. Públ. CA,30.0,6.800 €,04-17
N/A,N/A,N/A,N/A,N/A,N/A,N/A,N/A,N/A,N/A,21083,Veterinària,UAB,Cerdanyola del Vallès,U. Públ.,115.0,N/A,16
N/A,N/A,N/A,N/A,N/A,N/A,N/A,N/A,N/A,N/A,61040,Veterinària / Ciència i Producció Animal (simultaneïtat),UdL,Lleida,U. Públ.,60.0,N/A,15-16
N/A,N/A,N/A,N/A,N/A,N/A,N/A,N/A,N/A,N/A,Total centres d'estudi oficials / Graus: 550,N/A,N/A,N/A,N/A,N/A,N/A,N/A
N/A,N/A,N/A,N/A,N/A,N/A,N/A,N/A,N/A,N/A,Abreviatures:(ESRP) EscolaSuperio rde RelacionsPúbliques  (EU)EscolaUniversitària  (EUN) Escol a Universitàri a de Negocis  (EUIT)EscolaUniversitàr ia d'Infermeri ai TeràpiaOcupacional (U.Públ. ) Universita t pública   (U.Públ . CA)Cen tre adscri t aunauniversita t pública   (U.Priv. ) Universitatprivada (U.Priv . CA)Cent re adscri t aunauniversitatprivada (UOC ) UniversitatOber ta  de Cataluny a  (UAM ) UniversidadAutónomade Madri d  (UC3 M) Universida d CarlosIII  de Madrid.Observacions:(01) Té provad'aptitudpersona l  (PAP)  c al ferl a preinscripc ió i l a matrícula per  a  la provadel  4  al 10  de juny.(02) Aques t centr e nomésfa rà  una provaper conèixe r el nivell d’idiom a  un  cop  efectuada l a matrícula.(03) Pe r cursaraquest graués convenie nt disposar d’un nivell B1d’anglès  del Ma rc europe u  comú  de referènc ia per  a  les llengüe s  essent altamen t recomanabledisposar  del nivel l B2.(04) L'estudian t realitza rà do s estudi s simultàniament en finalitzar-lo s obtind rà el s dostítol s oficial s  de grau . L'estudiant  que estig ui assigna t e n  una dobl e titulaci ó (simultane ïtat)  i que  jadispos i d'u n dels dos títols   no  es pod rà matricula r d'aquest dob le grau.(05) Aquest a ofe rta consistei x  a cursa r  els  estudis  de formano presencial.(06) Projecteque consis teix  a i niciar estudi s  el  mes  de febrer    amb  la possibili tat de  fer un cu rs d'introducci ó el quadrimest re setembre-febrer.(07) Aques t programaofereixuna nov a maner a d'accedi ral aUPF sens e necessita t d'optaraun estudide gra uen concret . Durantel prime r any l'estudiantpodr à explorardiferent sestud is i campsdisciplinarisorienta ts  per  un tutor   que l'assessora rà  en  la tri a d'assignatures . Duran t el sego n any l'estudianttria rà e l graude l a U PF  en el qual es vo l gradua r sempr e  quela sev a not a d'admiss ió ala universitathag i esta t igu al osuperio r al a nota de tal l de  la sevavi a d'accésa aquell s estudis en l'an y e n qu è  va  ser admès . En aquestprogramas'exclouene ls dos grausinteruniversitaris: Medicin a (UAB/U PF) i Filosofia   política  i economi a (UPF/UAB/UAM/UC3M) i e ls  graus dels centresadscrits.(08)  El prime r cur s  és com ú i    un c op supera t  l’estudiant podr à demanar l’estud i que vo l continuar . En finalitz ar  obtind rà un únic t ítol oficia l corresponent al  grau cursat.(09) Aquestaofert a é s interuniversitàriaentr ela Universita t Autònom a de Barcelon a (UAB ) l a UniversidadAutónom a  de Madri d (UAM ) ila UniversidadCarlosI II de Mad rid (UC3M) . Elprogram a d'estudi s s'imparte ix de l a següentmanera:el 1rsemestr e ala UAM    el 2nsemestr e al a UC3Mi  del 3 r semes tre al 8 è semest re  a l a UAB.Atè s quela universitatcoordinado rad'aquestgrauésla UAM elpreu d'aques t estud iseg uiràla normativamarcad a pe rla Comunitatde Madridenel dec ret pel qua le sfixe nels preu s públicsdelsestudi s ofici alsalesuniversitat s públiques  de l a Comunida d  de Madrid.(10) La matrículad’aquest estudi  es  fa  a l a UPF.(11)  La matrícul a d'aquest estud i es f a  a l a UAB.(12) L’estudian t tri a  un estudi de gra u “X ”  per cursar- lo simultàniame nt am b un segonestudi d e gra u “Y”o“Z” . Durante ls primer s cursos l’estudian t fa rà matèriesde l grau“X”i matèriescomune s delsgrau s“Y ”i“Z”;mésendavant l’estudia nthaur àdetria r definitivamen tel sego n estud ide grau “Y ”o“ Z”  quevolcursar.En finalitz ar obtindr à due stitulacion s oficialscorresponen ts  als  dos estudisde graurealitzats.(13) Elsdos prime rs cursossó n comun s i   un c op superats  l’estudiant podr à  demanar l’estudi que vo l continuar .  En finalitzar  obtind rà un  únic títol oficial corresponen t  al grau cursat.(14) Aquest a of erta consistei x  a cursarel s estudi s d'Antropologiai Evoluci ó Human a  de form a virtual  o semipresencial.L a matrícul a  es far à al a  URV i  es compt arà tamb é am b e ls servei sd’acollidade  la UOC.Pel caràctervirtual  o semipresenc ial d’aques ts estudis seguiranla normativ a al respect e marcad a per  la General itat de Cataluny a  en el Decretpe l qua l e s fixe n elspreu s per  a l a prestaci ó  de serveisacadèmic s universitaris. El s recursosper al’aprenentatgenecessari s  per aques ts ensenyamentsimpliquen  un cos t addicional en el preu del crèdit.(15) L’estudia ntfa rà dosestudi s simultàniament  en finalitzar-lo s obtindr à el s do s títolsoficialsde grau.L’estudian t quesiguiassignate n aquestadobl e titulació(simultaneïta t)i quejadisposid’u n del s dostítols  n oes podr à matricula r d’aques t dobl e grau excep te elsgraduatsen Ciènciaisalutanimalqu e podranaccedir-h iicursara n únicamen t le s assignature scorresponen ts dels estudisde Veterinàri a del  doble grau.(16) Aquestsestudisseguira n l a normativamarc ada  per l a Generalitat  de Cataluny a en  el Decr et  pel qual  es fixenels preu s  per al a prestaci ó de serveisacadèmic s universitaris.(17) El preud’aquest s estudises podr à veuremodific at per l'aplicac ió  de  la normativ a  que preve u l a Generalita t  de Cataluny a e n  el Decr et pe l qual  es fix en  els preusper  a l a prestaciódeserve is acadèmic s universitaris.(18) Aquest doble grau s’inscriu en el programa de Millora i Innovació en la Formació de Mestres (MIF) impulsat pel Departament d’Ensenyament  i pel Departament de Recerca iUniversitats de la Generalitat de Catalunya. Per aquest motiu es convoquen beques per al curs 2024-25 amb el 40% de descompte dela matrícula del curs complet. Per a més informacióde la convocatòria d’aquestes beques  consulteu el web https://www.uvic.cat/beques-graus/premis.(19) Té prova d’aptitud personal (PAP).(20) Aques t doblegraud e cincany s s'imparteixentr e  la Faculta t d'Economi a i Empresa   centr e propi de  la Universita t Rovir a  i Virgili (UR V)  i l' ESIC Business& Marketin g School (ESIC ) centr e priva t adscrit ala URV (ubicataBarcelona).La docènciadel s curso s e s distribueixde l a maner a següent : el 1 r curs el 2 n  i el 1rquadrimestr e del 3rcurs  al a Faculta t d'EconomiaiEmpresadelaURV ;el2 nquadrimest redel3 rcurs el4tiel5ècurs al'ESIC .Lamatrículaesfar àalcent reons'imparteixl adocència ;s'abonarà encad acas elpreupúblic(assignaturescursadesala Facultatd'Economiai Empresa)o pre u privat(assignature s cursade s al'ESIC).El preuorientat iuindica t correspo n al a mitjan a de l preuentreels  5 cursosacadèmics   que es distribuir à de l a man era següent:1rcur s 1.313 €  2ncu rs 1.31 3 €  3 r curs5.334€  4tcur s 9. 119 €i 5 è cur s 6.22 9 €.Aques ts importssón orientatius   perquèestancalculat s d'acor d amb Decret de preus del cur s 2021-22  i s'hanf et considerant  que l'estudi ant segueixi exactament l'itinera ri proposa t atempscomplet.(21) Aquestsestudi s seguiranl a normativ a establertaper l a Generalita t de Catalunyaen el Decretpel qua l e s fixe nels preuspe r al a prestacióde servei s acadèmic s universitaris.Elsestudian ts estrangersn o resident s qu e no sigui n nacional s d'estatsmembre sde l a Uni ó Europeani d'estatsal s qualssiguid'aplicaci óelrègimcomunitari se'l s po t aplica rel preunosubvenciona t fix at pel Consell Socia l  de l a universitat   t al co m perme t  el Decre t pe l qual e s fixenels preu s per ala prestaci ó d e servei s acadèmicsuniversitaris; cal consultarel  preu  al webde  la universitat.(22) Títo l de tre s anys.(23)  La matrículad'aques t estudi es f a  a l a UB.(24) Nomésper aestudian ts  amb uns estudi s  de batxillera t oequivalen t que  NO pertany in  a sistemeseducatiu s  de l a Un ió Europe a ni d'altre s estat s am b acord s  de reciprocitats.(25) Aquestaofertaés interuniversitàri a entr e l a UniversitatAutònomade Barcelon a (UAB ) l a UniversidadAutónomad e Madri d (UAM)ila Universida d Carlo s  III de Madr id (UC3M).Elprogramad'estudi s s'imparte ix  de l a següent manera: el 1 r cur s ala UAB   el 2 n cu rs ent re  la UAM  i  la UC3M   i el 3ri 4 t cur s al a UAB .  La matrícul a d'aquest est udi es  fa ala UAB.(26) Pe r curs ar aquestgra u e s requereixun nivell B2d'anglè s de l Mar c europe u comúde referènci a per ale s llengües.En el casd e no acreditar-l o aban s de l a matrícula   el centr e far àuna prov a de nivell.(27)  En func ió de l'estatd'adequaci ó de le s infraestructure s necessàriespe r  a l a impartici ó d'aquestgrau el terceri  quart cursés possibl e ques'hagi n de cursarala Se u BaixPenedès(ElVendrell)i en horar i de tarda.(28) PARS:programaacadèmi c de recorregutsuccessi u orienta t  a l'especialitzaci ó professional  que vincul a  el gra u i  el màs ter indicats . En finalitza r  el PAR S  l'estudian t obtindràel títo l degraduat/d a  i  el  títol  de màste r corresponents. L'estudian t pot  decidir abandonar  el PARS en qualsevo l momen t i continuarcursan t  només l'est udi  de grau.(29) Té provad'aptitudpersona l (PAP) . S'haflexibilitza t  el momentd'assolimentd e  la  PAP d'Educació el s estudian ts s'hand'examina r de  la  PAP  però    en e l ca s qu e  no l'aprovi n aban sd'iniciarel grau  ho haurande f er  abans  de finalitzar  el prim er cur s acadèmicdel pla d'estudis.(30) Actualmen t  el centreresponsabled’aquestsestudi ses trob a e n fas e de tramitac iód’un canv i d’emplaçamenti es tà previstque l a impartici ó d’aquestgra u es traslladi   peral cur s2024-2025   a l a nov a  seu  de San t Bo i de Llobregat   al Parc Sanitar i San t  Joan de Déu.(31) El s  dos darrer s curso s  del grau(quar t i cinqu è) s’impartir an al Campu s  de Manresade  la UVic-UCC.,N/A,N/A,N/A,N/A,N/A,N/A,N/A
N/A,N/A,N/A,N/A,N/A,N/A,N/A,N/A,N/A,N/A,Dates importants:- Preinscripció i lliurament de documentació: del 4 al 28 de juny.- Publicació 1a assignació de places: 10 de juliol.- Matrícula assignats en 1a preferència: Del 12 (dv) al 17 (dc).- Publicació 2a assignació de places: 22 de juliol.- Matrícula 2a assignació: Del 23 (dt) al 25 (dj).,N/A,N/A,N/A,N/A,N/A,N/A,N/A
N/A,N/A,N/A,N/A,N/A,N/A,N/A,N/A,N/A,N/A,N/A,N/A,N/A,N/A,N/A,N/A,N/A,N/A
